coreid,measurementType,measurementTypeID,measurementValue,measurementValueID,measurementUnit,measurementDeterminedDate,measurementDeterminedBy,measurementRemarks
240129,"Phenology (ver 1.0)",http://purl.org/nevp/vocabulary/reproductive-phenology#01,reproductive,http://purl.org/nevp/vocabulary/reproductive-phenology_1.3#03,,2017-04-13T21:07:05Z,egbot,
240129,"Phenology: reproductive",http://purl.org/nevp/vocabulary/reproductive-phenology#03,flowering,http://purl.org/nevp/vocabulary/reproductive-phenology_1.3#06,,2017-04-13T21:07:18Z,egbot,
246066,"Phenology (ver 1.0)",http://purl.org/nevp/vocabulary/reproductive-phenology#01,reproductive,http://purl.org/nevp/vocabulary/reproductive-phenology_1.3#03,,2017-04-13T20:58:53Z,egbot,
246066,"Phenology: reproductive",http://purl.org/nevp/vocabulary/reproductive-phenology#03,flowering,http://purl.org/nevp/vocabulary/reproductive-phenology_1.3#06,,2017-04-13T20:58:58Z,egbot,
246070,"Phenology (ver 1.0)",http://purl.org/nevp/vocabulary/reproductive-phenology#01,reproductive,http://purl.org/nevp/vocabulary/reproductive-phenology_1.3#03,,2017-04-13T20:58:53Z,egbot,
246070,"Phenology: reproductive",http://purl.org/nevp/vocabulary/reproductive-phenology#03,flowering,http://purl.org/nevp/vocabulary/reproductive-phenology_1.3#06,,2017-04-13T20:58:58Z,egbot,
246088,"Phenology (ver 1.0)",http://purl.org/nevp/vocabulary/reproductive-phenology#01,reproductive,http://purl.org/nevp/vocabulary/reproductive-phenology_1.3#03,,2017-04-13T20:58:53Z,egbot,
246088,"Phenology: reproductive",http://purl.org/nevp/vocabulary/reproductive-phenology#03,flowering,http://purl.org/nevp/vocabulary/reproductive-phenology_1.3#06,,2017-04-13T20:58:58Z,egbot,
246092,"Phenology (ver 1.0)",http://purl.org/nevp/vocabulary/reproductive-phenology#01,reproductive,http://purl.org/nevp/vocabulary/reproductive-phenology_1.3#03,,2017-04-13T20:58:53Z,egbot,
246092,"Phenology: reproductive",http://purl.org/nevp/vocabulary/reproductive-phenology#03,flowering,http://purl.org/nevp/vocabulary/reproductive-phenology_1.3#06,,2017-04-13T20:58:58Z,egbot,
246104,"Phenology (ver 1.0)",http://purl.org/nevp/vocabulary/reproductive-phenology#01,reproductive,http://purl.org/nevp/vocabulary/reproductive-phenology_1.3#03,,2017-04-13T20:58:53Z,egbot,
246104,"Phenology: reproductive",http://purl.org/nevp/vocabulary/reproductive-phenology#03,flowering,http://purl.org/nevp/vocabulary/reproductive-phenology_1.3#06,,2017-04-13T20:58:58Z,egbot,
248861,"Phenology (ver 1.0)",http://purl.org/nevp/vocabulary/reproductive-phenology#01,reproductive,http://purl.org/nevp/vocabulary/reproductive-phenology_1.3#03,,2017-04-13T20:58:53Z,egbot,
248861,"Phenology: reproductive",http://purl.org/nevp/vocabulary/reproductive-phenology#03,flowering,http://purl.org/nevp/vocabulary/reproductive-phenology_1.3#06,,2017-04-13T20:58:58Z,egbot,
249649,"Phenology (ver 1.0)",http://purl.org/nevp/vocabulary/reproductive-phenology#01,reproductive,http://purl.org/nevp/vocabulary/reproductive-phenology_1.3#03,,2017-04-13T20:58:53Z,egbot,
249649,"Phenology: reproductive",http://purl.org/nevp/vocabulary/reproductive-phenology#03,flowering,http://purl.org/nevp/vocabulary/reproductive-phenology_1.3#06,,2017-04-13T20:58:58Z,egbot,
250593,"Phenology (ver 1.0)",http://purl.org/nevp/vocabulary/reproductive-phenology#01,reproductive,http://purl.org/nevp/vocabulary/reproductive-phenology_1.3#03,,2017-04-13T20:58:53Z,egbot,
250593,"Phenology: reproductive",http://purl.org/nevp/vocabulary/reproductive-phenology#03,flowering,http://purl.org/nevp/vocabulary/reproductive-phenology_1.3#06,,2017-04-13T20:58:58Z,egbot,
1004468,"Phenology (ver 1.0)",http://purl.org/nevp/vocabulary/reproductive-phenology#01,sterile,http://purl.org/nevp/vocabulary/reproductive-phenology_1.3#02,,2017-04-17T11:58:05Z,egbot,
1191297,"Phenology: reproductive",http://purl.org/nevp/vocabulary/reproductive-phenology#03,flowering,http://purl.org/nevp/vocabulary/reproductive-phenology_1.3#06,,2017-04-13T21:07:18Z,egbot,
1191297,"Phenology (ver 1.0)",http://purl.org/nevp/vocabulary/reproductive-phenology#01,reproductive,http://purl.org/nevp/vocabulary/reproductive-phenology_1.3#03,,2017-04-13T21:07:05Z,egbot,
1198101,"Phenology: reproductive",http://purl.org/nevp/vocabulary/reproductive-phenology#03,flowering,http://purl.org/nevp/vocabulary/reproductive-phenology_1.3#06,,2017-04-13T21:07:18Z,egbot,
1198101,"Phenology (ver 1.0)",http://purl.org/nevp/vocabulary/reproductive-phenology#01,reproductive,http://purl.org/nevp/vocabulary/reproductive-phenology_1.3#03,,2017-04-13T21:07:05Z,egbot,
1309861,"Phenology: reproductive",http://purl.org/nevp/vocabulary/reproductive-phenology#03,flowering,http://purl.org/nevp/vocabulary/reproductive-phenology_1.3#06,,2017-04-13T21:07:18Z,egbot,
1309861,"Phenology (ver 1.0)",http://purl.org/nevp/vocabulary/reproductive-phenology#01,reproductive,http://purl.org/nevp/vocabulary/reproductive-phenology_1.3#03,,2017-04-13T21:07:05Z,egbot,
1351035,"Phenology: reproductive",http://purl.org/nevp/vocabulary/reproductive-phenology#03,flowering,http://purl.org/nevp/vocabulary/reproductive-phenology_1.3#06,,2017-04-13T21:07:18Z,egbot,
1351035,"Phenology (ver 1.0)",http://purl.org/nevp/vocabulary/reproductive-phenology#01,reproductive,http://purl.org/nevp/vocabulary/reproductive-phenology_1.3#03,,2017-04-13T21:07:05Z,egbot,
1351641,"Phenology: reproductive",http://purl.org/nevp/vocabulary/reproductive-phenology#03,flowering,http://purl.org/nevp/vocabulary/reproductive-phenology_1.3#06,,2017-04-13T21:07:18Z,egbot,
1351641,"Phenology (ver 1.0)",http://purl.org/nevp/vocabulary/reproductive-phenology#01,reproductive,http://purl.org/nevp/vocabulary/reproductive-phenology_1.3#03,,2017-04-13T21:07:05Z,egbot,
1354480,"Phenology (ver 1.0)",http://purl.org/nevp/vocabulary/reproductive-phenology#01,reproductive,http://purl.org/nevp/vocabulary/reproductive-phenology_1.3#03,,2017-04-13T21:07:08Z,egbot,
1354480,"Phenology: reproductive",http://purl.org/nevp/vocabulary/reproductive-phenology#03,flowering,http://purl.org/nevp/vocabulary/reproductive-phenology_1.3#06,,2017-04-13T21:07:21Z,egbot,
1402425,"Phenology: reproductive",http://purl.org/nevp/vocabulary/reproductive-phenology#03,flowering,http://purl.org/nevp/vocabulary/reproductive-phenology_1.3#06,,2017-04-13T21:07:21Z,egbot,
1402425,"Phenology (ver 1.0)",http://purl.org/nevp/vocabulary/reproductive-phenology#01,reproductive,http://purl.org/nevp/vocabulary/reproductive-phenology_1.3#03,,2017-04-13T21:07:08Z,egbot,
1470519,"Phenology: reproductive",http://purl.org/nevp/vocabulary/reproductive-phenology#03,flowering,http://purl.org/nevp/vocabulary/reproductive-phenology_1.3#06,,2017-04-13T21:07:21Z,egbot,
1470519,"Phenology (ver 1.0)",http://purl.org/nevp/vocabulary/reproductive-phenology#01,reproductive,http://purl.org/nevp/vocabulary/reproductive-phenology_1.3#03,,2017-04-13T21:07:08Z,egbot,
1503974,"Phenology: reproductive",http://purl.org/nevp/vocabulary/reproductive-phenology#03,flowering,http://purl.org/nevp/vocabulary/reproductive-phenology_1.3#06,,2017-04-13T21:07:21Z,egbot,
1503974,"Phenology (ver 1.0)",http://purl.org/nevp/vocabulary/reproductive-phenology#01,reproductive,http://purl.org/nevp/vocabulary/reproductive-phenology_1.3#03,,2017-04-13T21:07:08Z,egbot,
1504737,"Phenology: reproductive",http://purl.org/nevp/vocabulary/reproductive-phenology#03,flowering,http://purl.org/nevp/vocabulary/reproductive-phenology_1.3#06,,2017-04-13T21:07:21Z,egbot,
1504737,"Phenology (ver 1.0)",http://purl.org/nevp/vocabulary/reproductive-phenology#01,reproductive,http://purl.org/nevp/vocabulary/reproductive-phenology_1.3#03,,2017-04-13T21:07:08Z,egbot,
1506247,"Phenology: reproductive",http://purl.org/nevp/vocabulary/reproductive-phenology#03,fruiting,http://purl.org/nevp/vocabulary/reproductive-phenology_1.3#11,,2017-04-17T12:21:07Z,egbot,
1506247,"Phenology (ver 1.0)",http://purl.org/nevp/vocabulary/reproductive-phenology#01,reproductive,http://purl.org/nevp/vocabulary/reproductive-phenology_1.3#03,,2017-04-17T12:20:58Z,egbot,
1514648,"Phenology: reproductive",http://purl.org/nevp/vocabulary/reproductive-phenology#03,flowering,http://purl.org/nevp/vocabulary/reproductive-phenology_1.3#06,,2017-04-13T21:07:21Z,egbot,
1514648,"Phenology (ver 1.0)",http://purl.org/nevp/vocabulary/reproductive-phenology#01,reproductive,http://purl.org/nevp/vocabulary/reproductive-phenology_1.3#03,,2017-04-13T21:07:08Z,egbot,
1516797,"Phenology: reproductive",http://purl.org/nevp/vocabulary/reproductive-phenology#03,flowering,http://purl.org/nevp/vocabulary/reproductive-phenology_1.3#06,,2017-04-13T21:07:21Z,egbot,
1516797,"Phenology (ver 1.0)",http://purl.org/nevp/vocabulary/reproductive-phenology#01,reproductive,http://purl.org/nevp/vocabulary/reproductive-phenology_1.3#03,,2017-04-13T21:07:08Z,egbot,
1520461,"Phenology: reproductive",http://purl.org/nevp/vocabulary/reproductive-phenology#03,flowering,http://purl.org/nevp/vocabulary/reproductive-phenology_1.3#06,,2017-04-13T21:07:21Z,egbot,
1520461,"Phenology (ver 1.0)",http://purl.org/nevp/vocabulary/reproductive-phenology#01,reproductive,http://purl.org/nevp/vocabulary/reproductive-phenology_1.3#03,,2017-04-13T21:07:08Z,egbot,
1748293,"Phenology: reproductive",http://purl.org/nevp/vocabulary/reproductive-phenology#03,flowering,http://purl.org/nevp/vocabulary/reproductive-phenology_1.3#06,,2017-04-13T21:07:21Z,egbot,
1748293,"Phenology (ver 1.0)",http://purl.org/nevp/vocabulary/reproductive-phenology#01,reproductive,http://purl.org/nevp/vocabulary/reproductive-phenology_1.3#03,,2017-04-13T21:07:08Z,egbot,
1764957,"Phenology: reproductive",http://purl.org/nevp/vocabulary/reproductive-phenology#03,flowering,http://purl.org/nevp/vocabulary/reproductive-phenology_1.3#06,,2017-04-13T21:07:21Z,egbot,
1764957,"Phenology (ver 1.0)",http://purl.org/nevp/vocabulary/reproductive-phenology#01,reproductive,http://purl.org/nevp/vocabulary/reproductive-phenology_1.3#03,,2017-04-13T21:07:08Z,egbot,
3025906,"Phenology: reproductive",http://purl.org/nevp/vocabulary/reproductive-phenology#03,flowering,http://purl.org/nevp/vocabulary/reproductive-phenology_1.3#06,,2017-04-13T20:58:58Z,egbot,
3025906,"Phenology (ver 1.0)",http://purl.org/nevp/vocabulary/reproductive-phenology#01,reproductive,http://purl.org/nevp/vocabulary/reproductive-phenology_1.3#03,,2017-04-13T20:58:53Z,egbot,
3026260,"Phenology: reproductive",http://purl.org/nevp/vocabulary/reproductive-phenology#03,flowering,http://purl.org/nevp/vocabulary/reproductive-phenology_1.3#06,,2017-04-13T20:58:58Z,egbot,
3026260,"Phenology (ver 1.0)",http://purl.org/nevp/vocabulary/reproductive-phenology#01,reproductive,http://purl.org/nevp/vocabulary/reproductive-phenology_1.3#03,,2017-04-13T20:58:53Z,egbot,
3030011,"Phenology: reproductive",http://purl.org/nevp/vocabulary/reproductive-phenology#03,flowering,http://purl.org/nevp/vocabulary/reproductive-phenology_1.3#06,,2017-04-13T21:20:11Z,egbot,
3030011,"Phenology (ver 1.0)",http://purl.org/nevp/vocabulary/reproductive-phenology#01,reproductive,http://purl.org/nevp/vocabulary/reproductive-phenology_1.3#03,,2017-04-13T21:20:10Z,egbot,
3030053,"Phenology: reproductive",http://purl.org/nevp/vocabulary/reproductive-phenology#03,flowering,http://purl.org/nevp/vocabulary/reproductive-phenology_1.3#06,,2017-04-13T21:20:11Z,egbot,
3030053,"Phenology (ver 1.0)",http://purl.org/nevp/vocabulary/reproductive-phenology#01,reproductive,http://purl.org/nevp/vocabulary/reproductive-phenology_1.3#03,,2017-04-13T21:20:10Z,egbot,
3364792,"Phenology: reproductive",http://purl.org/nevp/vocabulary/reproductive-phenology#03,flowering,http://purl.org/nevp/vocabulary/reproductive-phenology_1.3#06,,2017-04-13T21:07:24Z,egbot,
3364792,"Phenology (ver 1.0)",http://purl.org/nevp/vocabulary/reproductive-phenology#01,reproductive,http://purl.org/nevp/vocabulary/reproductive-phenology_1.3#03,,2017-04-13T21:07:10Z,egbot,
3729956,"Phenology: reproductive",http://purl.org/nevp/vocabulary/reproductive-phenology#03,flowering,http://purl.org/nevp/vocabulary/reproductive-phenology_1.3#06,,2017-04-13T21:07:24Z,egbot,
3729956,"Phenology (ver 1.0)",http://purl.org/nevp/vocabulary/reproductive-phenology#01,reproductive,http://purl.org/nevp/vocabulary/reproductive-phenology_1.3#03,,2017-04-13T21:07:10Z,egbot,
3729959,"Phenology: reproductive",http://purl.org/nevp/vocabulary/reproductive-phenology#03,flowering,http://purl.org/nevp/vocabulary/reproductive-phenology_1.3#06,,2017-04-13T21:07:24Z,egbot,
3729959,"Phenology (ver 1.0)",http://purl.org/nevp/vocabulary/reproductive-phenology#01,reproductive,http://purl.org/nevp/vocabulary/reproductive-phenology_1.3#03,,2017-04-13T21:07:10Z,egbot,
3729961,"Phenology (ver 1.0)",http://purl.org/nevp/vocabulary/reproductive-phenology#01,reproductive,http://purl.org/nevp/vocabulary/reproductive-phenology_1.3#03,,2017-04-13T21:07:10Z,egbot,
3729961,"Phenology: reproductive",http://purl.org/nevp/vocabulary/reproductive-phenology#03,flowering,http://purl.org/nevp/vocabulary/reproductive-phenology_1.3#06,,2017-04-13T21:07:24Z,egbot,
3729963,"Phenology: reproductive",http://purl.org/nevp/vocabulary/reproductive-phenology#03,flowering,http://purl.org/nevp/vocabulary/reproductive-phenology_1.3#06,,2017-04-13T21:07:24Z,egbot,
3729963,"Phenology (ver 1.0)",http://purl.org/nevp/vocabulary/reproductive-phenology#01,reproductive,http://purl.org/nevp/vocabulary/reproductive-phenology_1.3#03,,2017-04-13T21:07:10Z,egbot,
3729966,"Phenology: reproductive",http://purl.org/nevp/vocabulary/reproductive-phenology#03,flowering,http://purl.org/nevp/vocabulary/reproductive-phenology_1.3#06,,2017-04-13T21:07:24Z,egbot,
3729966,"Phenology (ver 1.0)",http://purl.org/nevp/vocabulary/reproductive-phenology#01,reproductive,http://purl.org/nevp/vocabulary/reproductive-phenology_1.3#03,,2017-04-13T21:07:10Z,egbot,
3729968,"Phenology: reproductive",http://purl.org/nevp/vocabulary/reproductive-phenology#03,flowering,http://purl.org/nevp/vocabulary/reproductive-phenology_1.3#06,,2017-04-13T21:07:24Z,egbot,
3729968,"Phenology (ver 1.0)",http://purl.org/nevp/vocabulary/reproductive-phenology#01,reproductive,http://purl.org/nevp/vocabulary/reproductive-phenology_1.3#03,,2017-04-13T21:07:10Z,egbot,
3729969,"Phenology: reproductive",http://purl.org/nevp/vocabulary/reproductive-phenology#03,flowering,http://purl.org/nevp/vocabulary/reproductive-phenology_1.3#06,,2017-04-13T21:07:24Z,egbot,
3729969,"Phenology (ver 1.0)",http://purl.org/nevp/vocabulary/reproductive-phenology#01,reproductive,http://purl.org/nevp/vocabulary/reproductive-phenology_1.3#03,,2017-04-13T21:07:10Z,egbot,
4174163,"Phenology: reproductive",http://purl.org/nevp/vocabulary/reproductive-phenology#03,flowering,http://purl.org/nevp/vocabulary/reproductive-phenology_1.3#06,,2017-04-13T21:07:24Z,egbot,
4174163,"Phenology (ver 1.0)",http://purl.org/nevp/vocabulary/reproductive-phenology#01,reproductive,http://purl.org/nevp/vocabulary/reproductive-phenology_1.3#03,,2017-04-13T21:07:10Z,egbot,
4174186,"Phenology: reproductive",http://purl.org/nevp/vocabulary/reproductive-phenology#03,flowering,http://purl.org/nevp/vocabulary/reproductive-phenology_1.3#06,,2017-04-13T21:07:24Z,egbot,
4174186,"Phenology (ver 1.0)",http://purl.org/nevp/vocabulary/reproductive-phenology#01,reproductive,http://purl.org/nevp/vocabulary/reproductive-phenology_1.3#03,,2017-04-13T21:07:10Z,egbot,
4174190,"Phenology: reproductive",http://purl.org/nevp/vocabulary/reproductive-phenology#03,flowering,http://purl.org/nevp/vocabulary/reproductive-phenology_1.3#06,,2017-04-13T21:07:24Z,egbot,
4174190,"Phenology (ver 1.0)",http://purl.org/nevp/vocabulary/reproductive-phenology#01,reproductive,http://purl.org/nevp/vocabulary/reproductive-phenology_1.3#03,,2017-04-13T21:07:10Z,egbot,
4716818,"Phenology (ver 1.0)",http://purl.org/nevp/vocabulary/reproductive-phenology#01,reproductive,http://purl.org/nevp/vocabulary/reproductive-phenology_1.3#03,,2017-04-13T21:07:10Z,egbot,
4716818,"Phenology: reproductive",http://purl.org/nevp/vocabulary/reproductive-phenology#03,flowering,http://purl.org/nevp/vocabulary/reproductive-phenology_1.3#06,,2017-04-13T21:07:24Z,egbot,
4724368,"Phenology (ver 1.0)",http://purl.org/nevp/vocabulary/reproductive-phenology#01,reproductive,http://purl.org/nevp/vocabulary/reproductive-phenology_1.3#03,,2017-04-13T21:07:10Z,egbot,
4724368,"Phenology: reproductive",http://purl.org/nevp/vocabulary/reproductive-phenology#03,flowering,http://purl.org/nevp/vocabulary/reproductive-phenology_1.3#06,,2017-04-13T21:07:24Z,egbot,
4727759,"Phenology: reproductive",http://purl.org/nevp/vocabulary/reproductive-phenology#03,flowering,http://purl.org/nevp/vocabulary/reproductive-phenology_1.3#06,,2017-04-13T21:07:24Z,egbot,
4727759,"Phenology (ver 1.0)",http://purl.org/nevp/vocabulary/reproductive-phenology#01,reproductive,http://purl.org/nevp/vocabulary/reproductive-phenology_1.3#03,,2017-04-13T21:07:10Z,egbot,
4731221,"Phenology: reproductive",http://purl.org/nevp/vocabulary/reproductive-phenology#03,flowering,http://purl.org/nevp/vocabulary/reproductive-phenology_1.3#06,,2017-04-13T21:07:24Z,egbot,
4731221,"Phenology (ver 1.0)",http://purl.org/nevp/vocabulary/reproductive-phenology#01,reproductive,http://purl.org/nevp/vocabulary/reproductive-phenology_1.3#03,,2017-04-13T21:07:10Z,egbot,
4793096,"Phenology (ver 1.0)",http://purl.org/nevp/vocabulary/reproductive-phenology#01,reproductive,http://purl.org/nevp/vocabulary/reproductive-phenology_1.3#03,,2017-04-13T21:07:10Z,egbot,
4793096,"Phenology: reproductive",http://purl.org/nevp/vocabulary/reproductive-phenology#03,flowering,http://purl.org/nevp/vocabulary/reproductive-phenology_1.3#06,,2017-04-13T21:07:24Z,egbot,
4793298,"Phenology (ver 1.0)",http://purl.org/nevp/vocabulary/reproductive-phenology#01,reproductive,http://purl.org/nevp/vocabulary/reproductive-phenology_1.3#03,,2017-04-13T21:07:10Z,egbot,
4793298,"Phenology: reproductive",http://purl.org/nevp/vocabulary/reproductive-phenology#03,flowering,http://purl.org/nevp/vocabulary/reproductive-phenology_1.3#06,,2017-04-13T21:07:24Z,egbot,
4839896,"Phenology: reproductive",http://purl.org/nevp/vocabulary/reproductive-phenology#03,flowering,http://purl.org/nevp/vocabulary/reproductive-phenology_1.3#06,,2017-04-13T21:07:24Z,egbot,
4839896,"Phenology (ver 1.0)",http://purl.org/nevp/vocabulary/reproductive-phenology#01,reproductive,http://purl.org/nevp/vocabulary/reproductive-phenology_1.3#03,,2017-04-13T21:07:10Z,egbot,
4851472,"Phenology: reproductive",http://purl.org/nevp/vocabulary/reproductive-phenology#03,flowering,http://purl.org/nevp/vocabulary/reproductive-phenology_1.3#06,,2017-04-13T21:07:24Z,egbot,
4851472,"Phenology (ver 1.0)",http://purl.org/nevp/vocabulary/reproductive-phenology#01,reproductive,http://purl.org/nevp/vocabulary/reproductive-phenology_1.3#03,,2017-04-13T21:07:10Z,egbot,
4854935,"Phenology (ver 1.0)",http://purl.org/nevp/vocabulary/reproductive-phenology#01,reproductive,http://purl.org/nevp/vocabulary/reproductive-phenology_1.3#03,,2017-04-13T21:07:10Z,egbot,
4854935,"Phenology: reproductive",http://purl.org/nevp/vocabulary/reproductive-phenology#03,flowering,http://purl.org/nevp/vocabulary/reproductive-phenology_1.3#06,,2017-04-13T21:07:24Z,egbot,
4854996,"Phenology (ver 1.0)",http://purl.org/nevp/vocabulary/reproductive-phenology#01,reproductive,http://purl.org/nevp/vocabulary/reproductive-phenology_1.3#03,,2017-04-13T21:07:10Z,egbot,
4854996,"Phenology: reproductive",http://purl.org/nevp/vocabulary/reproductive-phenology#03,flowering,http://purl.org/nevp/vocabulary/reproductive-phenology_1.3#06,,2017-04-13T21:07:24Z,egbot,
4854999,"Phenology (ver 1.0)",http://purl.org/nevp/vocabulary/reproductive-phenology#01,reproductive,http://purl.org/nevp/vocabulary/reproductive-phenology_1.3#03,,2017-04-13T21:07:10Z,egbot,
4854999,"Phenology: reproductive",http://purl.org/nevp/vocabulary/reproductive-phenology#03,flowering,http://purl.org/nevp/vocabulary/reproductive-phenology_1.3#06,,2017-04-13T21:07:24Z,egbot,
4855000,"Phenology: reproductive",http://purl.org/nevp/vocabulary/reproductive-phenology#03,flowering,http://purl.org/nevp/vocabulary/reproductive-phenology_1.3#06,,2017-04-13T21:07:24Z,egbot,
4855000,"Phenology (ver 1.0)",http://purl.org/nevp/vocabulary/reproductive-phenology#01,reproductive,http://purl.org/nevp/vocabulary/reproductive-phenology_1.3#03,,2017-04-13T21:07:10Z,egbot,
4855015,"Phenology: reproductive",http://purl.org/nevp/vocabulary/reproductive-phenology#03,flowering,http://purl.org/nevp/vocabulary/reproductive-phenology_1.3#06,,2017-04-13T21:07:24Z,egbot,
4855015,"Phenology (ver 1.0)",http://purl.org/nevp/vocabulary/reproductive-phenology#01,reproductive,http://purl.org/nevp/vocabulary/reproductive-phenology_1.3#03,,2017-04-13T21:07:10Z,egbot,
5324315,"Phenology (ver 1.0)",http://purl.org/nevp/vocabulary/reproductive-phenology#01,reproductive,http://purl.org/nevp/vocabulary/reproductive-phenology_1.3#03,,2017-04-13T21:07:13Z,egbot,
5324315,"Phenology: reproductive",http://purl.org/nevp/vocabulary/reproductive-phenology#03,flowering,http://purl.org/nevp/vocabulary/reproductive-phenology_1.3#06,,2017-04-13T21:07:26Z,egbot,
5330454,"Phenology (ver 1.0)",http://purl.org/nevp/vocabulary/reproductive-phenology#01,reproductive,http://purl.org/nevp/vocabulary/reproductive-phenology_1.3#03,,2017-04-13T21:07:13Z,egbot,
5330454,"Phenology: reproductive",http://purl.org/nevp/vocabulary/reproductive-phenology#03,flowering,http://purl.org/nevp/vocabulary/reproductive-phenology_1.3#06,,2017-04-13T21:07:26Z,egbot,
5330455,"Phenology: reproductive",http://purl.org/nevp/vocabulary/reproductive-phenology#03,flowering,http://purl.org/nevp/vocabulary/reproductive-phenology_1.3#06,,2017-04-13T21:07:26Z,egbot,
5330455,"Phenology (ver 1.0)",http://purl.org/nevp/vocabulary/reproductive-phenology#01,reproductive,http://purl.org/nevp/vocabulary/reproductive-phenology_1.3#03,,2017-04-13T21:07:13Z,egbot,
5331512,"Phenology: reproductive",http://purl.org/nevp/vocabulary/reproductive-phenology#03,flowering,http://purl.org/nevp/vocabulary/reproductive-phenology_1.3#06,,2017-04-13T21:07:26Z,egbot,
5331512,"Phenology (ver 1.0)",http://purl.org/nevp/vocabulary/reproductive-phenology#01,reproductive,http://purl.org/nevp/vocabulary/reproductive-phenology_1.3#03,,2017-04-13T21:07:13Z,egbot,
5332166,"Phenology (ver 1.0)",http://purl.org/nevp/vocabulary/reproductive-phenology#01,reproductive,http://purl.org/nevp/vocabulary/reproductive-phenology_1.3#03,,2017-04-13T21:07:13Z,egbot,
5332166,"Phenology: reproductive",http://purl.org/nevp/vocabulary/reproductive-phenology#03,flowering,http://purl.org/nevp/vocabulary/reproductive-phenology_1.3#06,,2017-04-13T21:07:26Z,egbot,
5332196,"Phenology (ver 1.0)",http://purl.org/nevp/vocabulary/reproductive-phenology#01,reproductive,http://purl.org/nevp/vocabulary/reproductive-phenology_1.3#03,,2017-04-13T21:07:13Z,egbot,
5332196,"Phenology: reproductive",http://purl.org/nevp/vocabulary/reproductive-phenology#03,flowering,http://purl.org/nevp/vocabulary/reproductive-phenology_1.3#06,,2017-04-13T21:07:26Z,egbot,
6170729,"Phenology: reproductive",http://purl.org/nevp/vocabulary/reproductive-phenology#03,flowering,http://purl.org/nevp/vocabulary/reproductive-phenology_1.3#06,,2017-04-13T21:07:26Z,egbot,
6170729,"Phenology (ver 1.0)",http://purl.org/nevp/vocabulary/reproductive-phenology#01,reproductive,http://purl.org/nevp/vocabulary/reproductive-phenology_1.3#03,,2017-04-13T21:07:13Z,egbot,
6806173,"Phenology: reproductive",http://purl.org/nevp/vocabulary/reproductive-phenology#03,flowering,http://purl.org/nevp/vocabulary/reproductive-phenology_1.3#06,,2017-04-13T21:20:11Z,egbot,
6806173,"Phenology (ver 1.0)",http://purl.org/nevp/vocabulary/reproductive-phenology#01,reproductive,http://purl.org/nevp/vocabulary/reproductive-phenology_1.3#03,,2017-04-13T21:20:10Z,egbot,
6818805,"Phenology: reproductive",http://purl.org/nevp/vocabulary/reproductive-phenology#03,flowering,http://purl.org/nevp/vocabulary/reproductive-phenology_1.3#06,,2017-04-13T21:20:11Z,egbot,
6818805,"Phenology (ver 1.0)",http://purl.org/nevp/vocabulary/reproductive-phenology#01,reproductive,http://purl.org/nevp/vocabulary/reproductive-phenology_1.3#03,,2017-04-13T21:20:10Z,egbot,
8194033,"Phenology (ver 1.0)",http://purl.org/nevp/vocabulary/reproductive-phenology#01,reproductive,http://purl.org/nevp/vocabulary/reproductive-phenology_1.3#03,,2017-04-13T21:07:13Z,egbot,
8194033,"Phenology: reproductive",http://purl.org/nevp/vocabulary/reproductive-phenology#03,flowering,http://purl.org/nevp/vocabulary/reproductive-phenology_1.3#06,,2017-04-13T21:07:26Z,egbot,
8886141,"Phenology (ver 1.0)",http://purl.org/nevp/vocabulary/reproductive-phenology#01,reproductive,http://purl.org/nevp/vocabulary/reproductive-phenology_1.3#03,,2017-04-13T21:20:10Z,egbot,
8886141,"Phenology: reproductive",http://purl.org/nevp/vocabulary/reproductive-phenology#03,flowering,http://purl.org/nevp/vocabulary/reproductive-phenology_1.3#06,,2017-04-13T21:20:11Z,egbot,
11932568,"Phenology: reproductive",http://purl.org/nevp/vocabulary/reproductive-phenology#03,flowering,http://purl.org/nevp/vocabulary/reproductive-phenology_1.3#06,,2017-04-13T20:58:58Z,egbot,
11932568,"Phenology (ver 1.0)",http://purl.org/nevp/vocabulary/reproductive-phenology#01,reproductive,http://purl.org/nevp/vocabulary/reproductive-phenology_1.3#03,,2017-04-13T20:58:53Z,egbot,
11932645,"Phenology: reproductive",http://purl.org/nevp/vocabulary/reproductive-phenology#03,flowering,http://purl.org/nevp/vocabulary/reproductive-phenology_1.3#06,,2017-04-13T20:58:58Z,egbot,
11932645,"Phenology (ver 1.0)",http://purl.org/nevp/vocabulary/reproductive-phenology#01,reproductive,http://purl.org/nevp/vocabulary/reproductive-phenology_1.3#03,,2017-04-13T20:58:53Z,egbot,
11932681,"Phenology: reproductive",http://purl.org/nevp/vocabulary/reproductive-phenology#03,flowering,http://purl.org/nevp/vocabulary/reproductive-phenology_1.3#06,,2017-04-13T20:58:58Z,egbot,
11932681,"Phenology (ver 1.0)",http://purl.org/nevp/vocabulary/reproductive-phenology#01,reproductive,http://purl.org/nevp/vocabulary/reproductive-phenology_1.3#03,,2017-04-13T20:58:53Z,egbot,
11933091,"Phenology (ver 1.0)",http://purl.org/nevp/vocabulary/reproductive-phenology#01,reproductive,http://purl.org/nevp/vocabulary/reproductive-phenology_1.3#03,,2017-04-13T20:58:53Z,egbot,
11933091,"Phenology: reproductive",http://purl.org/nevp/vocabulary/reproductive-phenology#03,flowering,http://purl.org/nevp/vocabulary/reproductive-phenology_1.3#06,,2017-04-13T20:58:58Z,egbot,
11933700,"Phenology: reproductive",http://purl.org/nevp/vocabulary/reproductive-phenology#03,flowering,http://purl.org/nevp/vocabulary/reproductive-phenology_1.3#06,,2017-04-13T20:58:58Z,egbot,
11933700,"Phenology (ver 1.0)",http://purl.org/nevp/vocabulary/reproductive-phenology#01,reproductive,http://purl.org/nevp/vocabulary/reproductive-phenology_1.3#03,,2017-04-13T20:58:53Z,egbot,
11934386,"Phenology: reproductive",http://purl.org/nevp/vocabulary/reproductive-phenology#03,flowering,http://purl.org/nevp/vocabulary/reproductive-phenology_1.3#06,,2017-04-13T20:58:58Z,egbot,
11934386,"Phenology (ver 1.0)",http://purl.org/nevp/vocabulary/reproductive-phenology#01,reproductive,http://purl.org/nevp/vocabulary/reproductive-phenology_1.3#03,,2017-04-13T20:58:53Z,egbot,
11935094,"Phenology: reproductive",http://purl.org/nevp/vocabulary/reproductive-phenology#03,flowering,http://purl.org/nevp/vocabulary/reproductive-phenology_1.3#06,,2017-04-13T20:58:58Z,egbot,
11935094,"Phenology (ver 1.0)",http://purl.org/nevp/vocabulary/reproductive-phenology#01,reproductive,http://purl.org/nevp/vocabulary/reproductive-phenology_1.3#03,,2017-04-13T20:58:53Z,egbot,
11938068,"Phenology (ver 1.0)",http://purl.org/nevp/vocabulary/reproductive-phenology#01,reproductive,http://purl.org/nevp/vocabulary/reproductive-phenology_1.3#03,,2017-04-13T20:58:53Z,egbot,
11938068,"Phenology: reproductive",http://purl.org/nevp/vocabulary/reproductive-phenology#03,flowering,http://purl.org/nevp/vocabulary/reproductive-phenology_1.3#06,,2017-04-13T20:58:58Z,egbot,
11938069,"Phenology (ver 1.0)",http://purl.org/nevp/vocabulary/reproductive-phenology#01,reproductive,http://purl.org/nevp/vocabulary/reproductive-phenology_1.3#03,,2017-04-13T20:58:53Z,egbot,
11938069,"Phenology: reproductive",http://purl.org/nevp/vocabulary/reproductive-phenology#03,flowering,http://purl.org/nevp/vocabulary/reproductive-phenology_1.3#06,,2017-04-13T20:58:58Z,egbot,
11946630,"Phenology: reproductive",http://purl.org/nevp/vocabulary/reproductive-phenology#03,flowering,http://purl.org/nevp/vocabulary/reproductive-phenology_1.3#06,,2017-04-13T20:58:58Z,egbot,
11946630,"Phenology (ver 1.0)",http://purl.org/nevp/vocabulary/reproductive-phenology#01,reproductive,http://purl.org/nevp/vocabulary/reproductive-phenology_1.3#03,,2017-04-13T20:58:53Z,egbot,
12980906,"Phenology: reproductive",http://purl.org/nevp/vocabulary/reproductive-phenology#03,flowering,http://purl.org/nevp/vocabulary/reproductive-phenology_1.3#06,,2017-04-13T21:07:29Z,egbot,
12980906,"Phenology (ver 1.0)",http://purl.org/nevp/vocabulary/reproductive-phenology#01,reproductive,http://purl.org/nevp/vocabulary/reproductive-phenology_1.3#03,,2017-04-13T21:07:16Z,egbot,
12987978,"Phenology: reproductive",http://purl.org/nevp/vocabulary/reproductive-phenology#03,flowering,http://purl.org/nevp/vocabulary/reproductive-phenology_1.3#06,,2017-04-13T21:07:29Z,egbot,
12987978,"Phenology (ver 1.0)",http://purl.org/nevp/vocabulary/reproductive-phenology#01,reproductive,http://purl.org/nevp/vocabulary/reproductive-phenology_1.3#03,,2017-04-13T21:07:16Z,egbot,
12988689,"Phenology (ver 1.0)",http://purl.org/nevp/vocabulary/reproductive-phenology#01,reproductive,http://purl.org/nevp/vocabulary/reproductive-phenology_1.3#03,,2017-04-13T21:07:16Z,egbot,
12988689,"Phenology: reproductive",http://purl.org/nevp/vocabulary/reproductive-phenology#03,flowering,http://purl.org/nevp/vocabulary/reproductive-phenology_1.3#06,,2017-04-13T21:07:29Z,egbot,
12988768,"Phenology (ver 1.0)",http://purl.org/nevp/vocabulary/reproductive-phenology#01,reproductive,http://purl.org/nevp/vocabulary/reproductive-phenology_1.3#03,,2017-04-13T21:07:16Z,egbot,
12988768,"Phenology: reproductive",http://purl.org/nevp/vocabulary/reproductive-phenology#03,flowering,http://purl.org/nevp/vocabulary/reproductive-phenology_1.3#06,,2017-04-13T21:07:29Z,egbot,
12995383,"Phenology: reproductive",http://purl.org/nevp/vocabulary/reproductive-phenology#03,flowering,http://purl.org/nevp/vocabulary/reproductive-phenology_1.3#06,,2017-04-13T21:07:29Z,egbot,
12995383,"Phenology (ver 1.0)",http://purl.org/nevp/vocabulary/reproductive-phenology#01,reproductive,http://purl.org/nevp/vocabulary/reproductive-phenology_1.3#03,,2017-04-13T21:07:16Z,egbot,
13055510,"Phenology: reproductive",http://purl.org/nevp/vocabulary/reproductive-phenology#03,flowering,http://purl.org/nevp/vocabulary/reproductive-phenology_1.3#06,,2017-04-13T21:07:29Z,egbot,
13055510,"Phenology (ver 1.0)",http://purl.org/nevp/vocabulary/reproductive-phenology#01,reproductive,http://purl.org/nevp/vocabulary/reproductive-phenology_1.3#03,,2017-04-13T21:07:16Z,egbot,
13056758,"Phenology (ver 1.0)",http://purl.org/nevp/vocabulary/reproductive-phenology#01,reproductive,http://purl.org/nevp/vocabulary/reproductive-phenology_1.3#03,,2017-04-17T10:35:19Z,egbot,
13056758,"Phenology: reproductive",http://purl.org/nevp/vocabulary/reproductive-phenology#03,budding,http://purl.org/nevp/vocabulary/reproductive-phenology_1.3#04,,2017-04-17T10:35:20Z,egbot,
13056890,"Phenology (ver 1.0)",http://purl.org/nevp/vocabulary/reproductive-phenology#01,reproductive,http://purl.org/nevp/vocabulary/reproductive-phenology_1.3#03,,2017-04-13T21:07:16Z,egbot,
13056890,"Phenology: reproductive",http://purl.org/nevp/vocabulary/reproductive-phenology#03,flowering,http://purl.org/nevp/vocabulary/reproductive-phenology_1.3#06,,2017-04-13T21:07:29Z,egbot,
13057845,"Phenology: reproductive",http://purl.org/nevp/vocabulary/reproductive-phenology#03,flowering,http://purl.org/nevp/vocabulary/reproductive-phenology_1.3#06,,2017-04-13T21:07:29Z,egbot,
13057845,"Phenology (ver 1.0)",http://purl.org/nevp/vocabulary/reproductive-phenology#01,reproductive,http://purl.org/nevp/vocabulary/reproductive-phenology_1.3#03,,2017-04-13T21:07:16Z,egbot,
13057857,"Phenology: reproductive",http://purl.org/nevp/vocabulary/reproductive-phenology#03,flowering,http://purl.org/nevp/vocabulary/reproductive-phenology_1.3#06,,2017-04-13T21:07:29Z,egbot,
13057857,"Phenology (ver 1.0)",http://purl.org/nevp/vocabulary/reproductive-phenology#01,reproductive,http://purl.org/nevp/vocabulary/reproductive-phenology_1.3#03,,2017-04-13T21:07:16Z,egbot,
13058118,"Phenology (ver 1.0)",http://purl.org/nevp/vocabulary/reproductive-phenology#01,reproductive,http://purl.org/nevp/vocabulary/reproductive-phenology_1.3#03,,2017-04-13T21:07:16Z,egbot,
13058118,"Phenology: reproductive",http://purl.org/nevp/vocabulary/reproductive-phenology#03,flowering,http://purl.org/nevp/vocabulary/reproductive-phenology_1.3#06,,2017-04-13T21:07:29Z,egbot,
13058307,"Phenology (ver 1.0)",http://purl.org/nevp/vocabulary/reproductive-phenology#01,reproductive,http://purl.org/nevp/vocabulary/reproductive-phenology_1.3#03,,2017-04-13T21:07:16Z,egbot,
13058307,"Phenology: reproductive",http://purl.org/nevp/vocabulary/reproductive-phenology#03,flowering,http://purl.org/nevp/vocabulary/reproductive-phenology_1.3#06,,2017-04-13T21:07:29Z,egbot,
13058391,"Phenology (ver 1.0)",http://purl.org/nevp/vocabulary/reproductive-phenology#01,reproductive,http://purl.org/nevp/vocabulary/reproductive-phenology_1.3#03,,2017-04-13T21:07:16Z,egbot,
13058391,"Phenology: reproductive",http://purl.org/nevp/vocabulary/reproductive-phenology#03,flowering,http://purl.org/nevp/vocabulary/reproductive-phenology_1.3#06,,2017-04-13T21:07:29Z,egbot,
13058404,"Phenology: reproductive",http://purl.org/nevp/vocabulary/reproductive-phenology#03,flowering,http://purl.org/nevp/vocabulary/reproductive-phenology_1.3#06,,2017-04-13T21:07:29Z,egbot,
13058404,"Phenology (ver 1.0)",http://purl.org/nevp/vocabulary/reproductive-phenology#01,reproductive,http://purl.org/nevp/vocabulary/reproductive-phenology_1.3#03,,2017-04-13T21:07:16Z,egbot,
13075073,"Phenology: reproductive",http://purl.org/nevp/vocabulary/reproductive-phenology#03,budding,http://purl.org/nevp/vocabulary/reproductive-phenology_1.3#04,,2017-04-17T10:35:20Z,egbot,
13075073,"Phenology (ver 1.0)",http://purl.org/nevp/vocabulary/reproductive-phenology#01,reproductive,http://purl.org/nevp/vocabulary/reproductive-phenology_1.3#03,,2017-04-17T10:35:19Z,egbot,
13075268,"Phenology (ver 1.0)",http://purl.org/nevp/vocabulary/reproductive-phenology#01,reproductive,http://purl.org/nevp/vocabulary/reproductive-phenology_1.3#03,,2017-04-13T21:07:16Z,egbot,
13075268,"Phenology: reproductive",http://purl.org/nevp/vocabulary/reproductive-phenology#03,flowering,http://purl.org/nevp/vocabulary/reproductive-phenology_1.3#06,,2017-04-13T21:07:29Z,egbot,
13075412,"Phenology (ver 1.0)",http://purl.org/nevp/vocabulary/reproductive-phenology#01,reproductive,http://purl.org/nevp/vocabulary/reproductive-phenology_1.3#03,,2017-04-17T10:35:19Z,egbot,
13075412,"Phenology: reproductive",http://purl.org/nevp/vocabulary/reproductive-phenology#03,budding,http://purl.org/nevp/vocabulary/reproductive-phenology_1.3#04,,2017-04-17T10:35:20Z,egbot,
13075995,"Phenology: reproductive",http://purl.org/nevp/vocabulary/reproductive-phenology#03,flowering,http://purl.org/nevp/vocabulary/reproductive-phenology_1.3#06,,2017-04-13T21:07:29Z,egbot,
13075995,"Phenology (ver 1.0)",http://purl.org/nevp/vocabulary/reproductive-phenology#01,reproductive,http://purl.org/nevp/vocabulary/reproductive-phenology_1.3#03,,2017-04-13T21:07:16Z,egbot,
13076260,"Phenology: reproductive",http://purl.org/nevp/vocabulary/reproductive-phenology#03,flowering,http://purl.org/nevp/vocabulary/reproductive-phenology_1.3#06,,2017-04-13T21:07:29Z,egbot,
13076260,"Phenology (ver 1.0)",http://purl.org/nevp/vocabulary/reproductive-phenology#01,reproductive,http://purl.org/nevp/vocabulary/reproductive-phenology_1.3#03,,2017-04-13T21:07:16Z,egbot,
13080531,"Phenology: reproductive",http://purl.org/nevp/vocabulary/reproductive-phenology#03,flowering,http://purl.org/nevp/vocabulary/reproductive-phenology_1.3#06,,2017-04-13T21:07:29Z,egbot,
13080531,"Phenology (ver 1.0)",http://purl.org/nevp/vocabulary/reproductive-phenology#01,reproductive,http://purl.org/nevp/vocabulary/reproductive-phenology_1.3#03,,2017-04-13T21:07:16Z,egbot,
13081398,"Phenology (ver 1.0)",http://purl.org/nevp/vocabulary/reproductive-phenology#01,reproductive,http://purl.org/nevp/vocabulary/reproductive-phenology_1.3#03,,2017-04-13T21:07:16Z,egbot,
13081398,"Phenology: reproductive",http://purl.org/nevp/vocabulary/reproductive-phenology#03,flowering,http://purl.org/nevp/vocabulary/reproductive-phenology_1.3#06,,2017-04-13T21:07:29Z,egbot,
13081487,"Phenology (ver 1.0)",http://purl.org/nevp/vocabulary/reproductive-phenology#01,reproductive,http://purl.org/nevp/vocabulary/reproductive-phenology_1.3#03,,2017-04-13T21:07:16Z,egbot,
13081487,"Phenology: reproductive",http://purl.org/nevp/vocabulary/reproductive-phenology#03,flowering,http://purl.org/nevp/vocabulary/reproductive-phenology_1.3#06,,2017-04-13T21:07:29Z,egbot,
13093324,"Phenology: reproductive",http://purl.org/nevp/vocabulary/reproductive-phenology#03,flowering,http://purl.org/nevp/vocabulary/reproductive-phenology_1.3#06,,2017-04-13T21:07:29Z,egbot,
13093324,"Phenology (ver 1.0)",http://purl.org/nevp/vocabulary/reproductive-phenology#01,reproductive,http://purl.org/nevp/vocabulary/reproductive-phenology_1.3#03,,2017-04-13T21:07:16Z,egbot,
13304101,"Phenology: reproductive",http://purl.org/nevp/vocabulary/reproductive-phenology#03,flowering,http://purl.org/nevp/vocabulary/reproductive-phenology_1.3#06,,2017-04-13T21:07:29Z,egbot,
13304101,"Phenology (ver 1.0)",http://purl.org/nevp/vocabulary/reproductive-phenology#01,reproductive,http://purl.org/nevp/vocabulary/reproductive-phenology_1.3#03,,2017-04-13T21:07:16Z,egbot,
13304114,"Phenology (ver 1.0)",http://purl.org/nevp/vocabulary/reproductive-phenology#01,reproductive,http://purl.org/nevp/vocabulary/reproductive-phenology_1.3#03,,2017-04-13T21:07:16Z,egbot,
13304114,"Phenology: reproductive",http://purl.org/nevp/vocabulary/reproductive-phenology#03,flowering,http://purl.org/nevp/vocabulary/reproductive-phenology_1.3#06,,2017-04-13T21:07:29Z,egbot,
13304245,"Phenology (ver 1.0)",http://purl.org/nevp/vocabulary/reproductive-phenology#01,reproductive,http://purl.org/nevp/vocabulary/reproductive-phenology_1.3#03,,2017-04-13T21:07:16Z,egbot,
13304245,"Phenology: reproductive",http://purl.org/nevp/vocabulary/reproductive-phenology#03,flowering,http://purl.org/nevp/vocabulary/reproductive-phenology_1.3#06,,2017-04-13T21:07:29Z,egbot,
13304257,"Phenology: reproductive",http://purl.org/nevp/vocabulary/reproductive-phenology#03,flowering,http://purl.org/nevp/vocabulary/reproductive-phenology_1.3#06,,2017-04-13T21:07:29Z,egbot,
13304257,"Phenology (ver 1.0)",http://purl.org/nevp/vocabulary/reproductive-phenology#01,reproductive,http://purl.org/nevp/vocabulary/reproductive-phenology_1.3#03,,2017-04-13T21:07:16Z,egbot,
15874977,"Phenology: reproductive",http://purl.org/nevp/vocabulary/reproductive-phenology#03,flowering,http://purl.org/nevp/vocabulary/reproductive-phenology_1.3#06,,2019-04-19T13:47:04Z,ricklevy,
15874977,"Phenology: reproductive",http://purl.org/nevp/vocabulary/reproductive-phenology#03,fruiting,http://purl.org/nevp/vocabulary/reproductive-phenology_1.3#11,,2019-04-19T13:47:05Z,ricklevy,
15874977,"Phenology (ver 1.0)",http://purl.org/nevp/vocabulary/reproductive-phenology#01,reproductive,http://purl.org/nevp/vocabulary/reproductive-phenology_1.3#03,,2019-04-19T13:47:02Z,ricklevy,
20386902,"Phenology: reproductive",http://purl.org/nevp/vocabulary/reproductive-phenology#03,flowering,http://purl.org/nevp/vocabulary/reproductive-phenology_1.3#06,,2019-04-19T13:47:33Z,ricklevy,
20386902,"Phenology (ver 1.0)",http://purl.org/nevp/vocabulary/reproductive-phenology#01,reproductive,http://purl.org/nevp/vocabulary/reproductive-phenology_1.3#03,,2019-04-19T13:47:33Z,ricklevy,
21305630,"Phenology: reproductive",http://purl.org/nevp/vocabulary/reproductive-phenology#03,flowering,http://purl.org/nevp/vocabulary/reproductive-phenology_1.3#06,,2019-04-19T13:47:04Z,ricklevy,
21305630,"Phenology (ver 1.0)",http://purl.org/nevp/vocabulary/reproductive-phenology#01,reproductive,http://purl.org/nevp/vocabulary/reproductive-phenology_1.3#03,,2019-04-19T13:47:02Z,ricklevy,
21305630,"Phenology: reproductive",http://purl.org/nevp/vocabulary/reproductive-phenology#03,fruiting,http://purl.org/nevp/vocabulary/reproductive-phenology_1.3#11,,2019-04-19T13:47:05Z,ricklevy,
21305634,"Phenology (ver 1.0)",http://purl.org/nevp/vocabulary/reproductive-phenology#01,reproductive,http://purl.org/nevp/vocabulary/reproductive-phenology_1.3#03,,2019-04-17T08:21:33Z,ricklevy,
21305634,"Phenology: reproductive",http://purl.org/nevp/vocabulary/reproductive-phenology#03,flowering,http://purl.org/nevp/vocabulary/reproductive-phenology_1.3#06,,2019-04-17T08:21:34Z,ricklevy,
21305635,"Phenology (ver 1.0)",http://purl.org/nevp/vocabulary/reproductive-phenology#01,reproductive,http://purl.org/nevp/vocabulary/reproductive-phenology_1.3#03,,2019-04-17T08:21:33Z,ricklevy,
21305635,"Phenology: reproductive",http://purl.org/nevp/vocabulary/reproductive-phenology#03,flowering,http://purl.org/nevp/vocabulary/reproductive-phenology_1.3#06,,2019-04-17T08:21:34Z,ricklevy,
