coreid,identifier,accessURI,thumbnailAccessURI,goodQualityAccessURI,rights,Owner,creator,UsageTerms,WebStatement,caption,comments,providerManagedID,MetadataDate,format,associatedSpecimenReference,type,subtype,metadataLanguage
505145,https://www.soroherbaria.org/imglib/seinet/soro/CS/0010/109998_lg.jpg,https://www.soroherbaria.org/imglib/seinet/soro/CS/0010/109998_lg.jpg,https://www.soroherbaria.org/imglib/seinet/soro/CS/0010/109998_tn.jpg,https://www.soroherbaria.org/imglib/seinet/soro/CS/0010/109998.jpg,http://creativecommons.org/licenses/by-nc/3.0/,"Colorado State University, Charles Maurer Herbarium (CS-)",,"CC BY-NC-SA (Attribution-NonCommercial-ShareAlike)",,,,urn:uuid:8d0a1b53-ca1d-44a9-aabc-2fd3200fab08,"2021-01-12 08:31:18",image/jpeg,https://www.soroherbaria.org/portal/collections/individual/index.php?occid=505145,StillImage,Photograph,en
505146,https://www.soroherbaria.org/imglib/seinet/soro/CS/0010/102217_lg.jpg,https://www.soroherbaria.org/imglib/seinet/soro/CS/0010/102217_lg.jpg,https://www.soroherbaria.org/imglib/seinet/soro/CS/0010/102217_tn.jpg,https://www.soroherbaria.org/imglib/seinet/soro/CS/0010/102217.jpg,http://creativecommons.org/licenses/by-nc/3.0/,"Colorado State University, Charles Maurer Herbarium (CS-)",,"CC BY-NC-SA (Attribution-NonCommercial-ShareAlike)",,,,urn:uuid:e4eb3ffb-a450-465a-8c92-661ea93ddf5c,"2021-01-12 08:31:18",image/jpeg,https://www.soroherbaria.org/portal/collections/individual/index.php?occid=505146,StillImage,Photograph,en
505147,https://www.soroherbaria.org/imglib/seinet/soro/CS/0010/109996_lg.jpg,https://www.soroherbaria.org/imglib/seinet/soro/CS/0010/109996_lg.jpg,https://www.soroherbaria.org/imglib/seinet/soro/CS/0010/109996_tn.jpg,https://www.soroherbaria.org/imglib/seinet/soro/CS/0010/109996.jpg,http://creativecommons.org/licenses/by-nc/3.0/,"Colorado State University, Charles Maurer Herbarium (CS-)",,"CC BY-NC-SA (Attribution-NonCommercial-ShareAlike)",,,,urn:uuid:fa4c2f4a-6cef-4a1f-b80c-5cc15b102cb7,"2021-01-12 08:31:18",image/jpeg,https://www.soroherbaria.org/portal/collections/individual/index.php?occid=505147,StillImage,Photograph,en
530268,https://www.soroherbaria.org/imglib/seinet/soro/CS/0010/109997_lg.jpg,https://www.soroherbaria.org/imglib/seinet/soro/CS/0010/109997_lg.jpg,https://www.soroherbaria.org/imglib/seinet/soro/CS/0010/109997_tn.jpg,https://www.soroherbaria.org/imglib/seinet/soro/CS/0010/109997.jpg,http://creativecommons.org/licenses/by-nc/3.0/,"Colorado State University, Charles Maurer Herbarium (CS-)",,"CC BY-NC-SA (Attribution-NonCommercial-ShareAlike)",,,,urn:uuid:8d1a4819-33a1-44e9-a4eb-7bc689b42979,"2021-01-12 08:31:18",image/jpeg,https://www.soroherbaria.org/portal/collections/individual/index.php?occid=530268,StillImage,Photograph,en
2816925,http://sweetgum.nybg.org/images3/590/187/00323209.jpg,http://sweetgum.nybg.org/images3/590/187/00323209.jpg,https://www.soroherbaria.org/imglib/storage/portals/seinet/midwest/misc/201504/webmedia_1429772122_tn.jpg,https://www.soroherbaria.org/imglib/storage/portals/seinet/midwest/misc/201504/webmedia_1429772122_web.jpg,http://creativecommons.org/licenses/by/3.0/,"New York Botanical Garden Steere Herbarium (NY-)",,"CC BY-NC-SA (Attribution-NonCommercial-ShareAlike)",,,,urn:uuid:da0d31cb-72c0-4b51-8770-a9a1aaee6208,"2017-06-20 15:41:04",image/jpeg,https://www.soroherbaria.org/portal/collections/individual/index.php?occid=2816925,StillImage,Photograph,en
3030012,https://www.soroherbaria.org/imglib/h_seinet/intermt/RMBL/RMBL0009/RMBL0009659_lg.jpg,https://www.soroherbaria.org/imglib/h_seinet/intermt/RMBL/RMBL0009/RMBL0009659_lg.jpg,https://www.soroherbaria.org/imglib/h_seinet/intermt/RMBL/RMBL0009/RMBL0009659_tn.jpg,https://www.soroherbaria.org/imglib/h_seinet/intermt/RMBL/RMBL0009/RMBL0009659.JPG,http://creativecommons.org/licenses/by-nc/3.0/,"Rocky Mountain Biological Laboratory (RMBL)",,"CC BY-NC-SA (Attribution-NonCommercial-ShareAlike)",,,,urn:uuid:7c9458b1-23c3-41b3-b0db-82a10c1f2008,"2015-05-06 10:23:33",image/jpeg,https://www.soroherbaria.org/portal/collections/individual/index.php?occid=3030012,StillImage,Photograph,en
3030013,https://www.soroherbaria.org/imglib/h_seinet/intermt/RMBL/RMBL0009/RMBL0009692_lg.jpg,https://www.soroherbaria.org/imglib/h_seinet/intermt/RMBL/RMBL0009/RMBL0009692_lg.jpg,https://www.soroherbaria.org/imglib/h_seinet/intermt/RMBL/RMBL0009/RMBL0009692_tn.jpg,https://www.soroherbaria.org/imglib/h_seinet/intermt/RMBL/RMBL0009/RMBL0009692.JPG,http://creativecommons.org/licenses/by-nc/3.0/,"Rocky Mountain Biological Laboratory (RMBL)",,"CC BY-NC-SA (Attribution-NonCommercial-ShareAlike)",,,,urn:uuid:ab8dac45-92ee-4639-8ef5-6e4fd3205015,"2015-05-06 10:53:22",image/jpeg,https://www.soroherbaria.org/portal/collections/individual/index.php?occid=3030013,StillImage,Photograph,en
3030014,https://www.soroherbaria.org/imglib/h_seinet/intermt/RMBL/RMBL0003/RMBL0003041_lg.jpg,https://www.soroherbaria.org/imglib/h_seinet/intermt/RMBL/RMBL0003/RMBL0003041_lg.jpg,https://www.soroherbaria.org/imglib/h_seinet/intermt/RMBL/RMBL0003/RMBL0003041_tn.jpg,https://www.soroherbaria.org/imglib/h_seinet/intermt/RMBL/RMBL0003/RMBL0003041.JPG,http://creativecommons.org/licenses/by-nc/3.0/,"Rocky Mountain Biological Laboratory (RMBL)",,"CC BY-NC-SA (Attribution-NonCommercial-ShareAlike)",,,,urn:uuid:61faae83-4fd9-4341-bbe8-1a459fdcface,"2015-05-06 10:51:46",image/jpeg,https://www.soroherbaria.org/portal/collections/individual/index.php?occid=3030014,StillImage,Photograph,en
3030015,https://www.soroherbaria.org/imglib/h_seinet/intermt/RMBL/RMBL0003/RMBL0003039_lg.jpg,https://www.soroherbaria.org/imglib/h_seinet/intermt/RMBL/RMBL0003/RMBL0003039_lg.jpg,https://www.soroherbaria.org/imglib/h_seinet/intermt/RMBL/RMBL0003/RMBL0003039_tn.jpg,https://www.soroherbaria.org/imglib/h_seinet/intermt/RMBL/RMBL0003/RMBL0003039.JPG,http://creativecommons.org/licenses/by-nc/3.0/,"Rocky Mountain Biological Laboratory (RMBL)",,"CC BY-NC-SA (Attribution-NonCommercial-ShareAlike)",,,,urn:uuid:3d7aa616-df5d-416d-88fe-011a6df03520,"2015-05-06 16:42:46",image/jpeg,https://www.soroherbaria.org/portal/collections/individual/index.php?occid=3030015,StillImage,Photograph,en
3030016,https://www.soroherbaria.org/imglib/h_seinet/intermt/RMBL/RMBL0003/RMBL0003042_lg.jpg,https://www.soroherbaria.org/imglib/h_seinet/intermt/RMBL/RMBL0003/RMBL0003042_lg.jpg,https://www.soroherbaria.org/imglib/h_seinet/intermt/RMBL/RMBL0003/RMBL0003042_tn.jpg,https://www.soroherbaria.org/imglib/h_seinet/intermt/RMBL/RMBL0003/RMBL0003042.JPG,http://creativecommons.org/licenses/by-nc/3.0/,"Rocky Mountain Biological Laboratory (RMBL)",,"CC BY-NC-SA (Attribution-NonCommercial-ShareAlike)",,,,urn:uuid:f4b3ba4d-4e88-4bad-898e-988039600653,"2015-05-06 12:14:37",image/jpeg,https://www.soroherbaria.org/portal/collections/individual/index.php?occid=3030016,StillImage,Photograph,en
3030017,https://www.soroherbaria.org/imglib/h_seinet/intermt/RMBL/RMBL0003/RMBL0003040_lg.jpg,https://www.soroherbaria.org/imglib/h_seinet/intermt/RMBL/RMBL0003/RMBL0003040_lg.jpg,https://www.soroherbaria.org/imglib/h_seinet/intermt/RMBL/RMBL0003/RMBL0003040_tn.jpg,https://www.soroherbaria.org/imglib/h_seinet/intermt/RMBL/RMBL0003/RMBL0003040.JPG,http://creativecommons.org/licenses/by-nc/3.0/,"Rocky Mountain Biological Laboratory (RMBL)",,"CC BY-NC-SA (Attribution-NonCommercial-ShareAlike)",,,,urn:uuid:d4444b54-39f6-45c5-b035-ea3535bfb6cb,"2015-05-06 12:15:12",image/jpeg,https://www.soroherbaria.org/portal/collections/individual/index.php?occid=3030017,StillImage,Photograph,en
3030018,https://www.soroherbaria.org/imglib/h_seinet/intermt/RMBL/RMBL0003/RMBL0003043_lg.jpg,https://www.soroherbaria.org/imglib/h_seinet/intermt/RMBL/RMBL0003/RMBL0003043_lg.jpg,https://www.soroherbaria.org/imglib/h_seinet/intermt/RMBL/RMBL0003/RMBL0003043_tn.jpg,https://www.soroherbaria.org/imglib/h_seinet/intermt/RMBL/RMBL0003/RMBL0003043.JPG,http://creativecommons.org/licenses/by-nc/3.0/,"Rocky Mountain Biological Laboratory (RMBL)",,"CC BY-NC-SA (Attribution-NonCommercial-ShareAlike)",,,,urn:uuid:3b7d0999-d194-42c3-a6c6-8dda9b837c1c,"2015-05-06 18:09:33",image/jpeg,https://www.soroherbaria.org/portal/collections/individual/index.php?occid=3030018,StillImage,Photograph,en
3030019,https://www.soroherbaria.org/imglib/h_seinet/intermt/RMBL/RMBL0004/RMBL0004282_lg.jpg,https://www.soroherbaria.org/imglib/h_seinet/intermt/RMBL/RMBL0004/RMBL0004282_lg.jpg,https://www.soroherbaria.org/imglib/h_seinet/intermt/RMBL/RMBL0004/RMBL0004282_tn.jpg,https://www.soroherbaria.org/imglib/h_seinet/intermt/RMBL/RMBL0004/RMBL0004282.JPG,http://creativecommons.org/licenses/by-nc/3.0/,"Rocky Mountain Biological Laboratory (RMBL)",,"CC BY-NC-SA (Attribution-NonCommercial-ShareAlike)",,,,urn:uuid:d769f955-fbbb-4abe-9ccc-9e337c197a8b,"2015-05-06 10:46:52",image/jpeg,https://www.soroherbaria.org/portal/collections/individual/index.php?occid=3030019,StillImage,Photograph,en
3030020,https://www.soroherbaria.org/imglib/h_seinet/intermt/RMBL/RMBL0004/RMBL0004279_lg.jpg,https://www.soroherbaria.org/imglib/h_seinet/intermt/RMBL/RMBL0004/RMBL0004279_lg.jpg,https://www.soroherbaria.org/imglib/h_seinet/intermt/RMBL/RMBL0004/RMBL0004279_tn.jpg,https://www.soroherbaria.org/imglib/h_seinet/intermt/RMBL/RMBL0004/RMBL0004279.JPG,http://creativecommons.org/licenses/by-nc/3.0/,"Rocky Mountain Biological Laboratory (RMBL)",,"CC BY-NC-SA (Attribution-NonCommercial-ShareAlike)",,,,urn:uuid:855560cc-cfc6-49a0-8cb5-d0397abc1de3,"2015-05-06 15:49:59",image/jpeg,https://www.soroherbaria.org/portal/collections/individual/index.php?occid=3030020,StillImage,Photograph,en
3030021,https://www.soroherbaria.org/imglib/h_seinet/intermt/RMBL/RMBL0004/RMBL0004281_lg.jpg,https://www.soroherbaria.org/imglib/h_seinet/intermt/RMBL/RMBL0004/RMBL0004281_lg.jpg,https://www.soroherbaria.org/imglib/h_seinet/intermt/RMBL/RMBL0004/RMBL0004281_tn.jpg,https://www.soroherbaria.org/imglib/h_seinet/intermt/RMBL/RMBL0004/RMBL0004281.JPG,http://creativecommons.org/licenses/by-nc/3.0/,"Rocky Mountain Biological Laboratory (RMBL)",,"CC BY-NC-SA (Attribution-NonCommercial-ShareAlike)",,,,urn:uuid:e1653444-7474-4984-8a4a-c373c14d76c0,"2015-05-06 18:45:53",image/jpeg,https://www.soroherbaria.org/portal/collections/individual/index.php?occid=3030021,StillImage,Photograph,en
3030022,https://www.soroherbaria.org/imglib/h_seinet/intermt/RMBL/RMBL0004/RMBL0004280_lg.jpg,https://www.soroherbaria.org/imglib/h_seinet/intermt/RMBL/RMBL0004/RMBL0004280_lg.jpg,https://www.soroherbaria.org/imglib/h_seinet/intermt/RMBL/RMBL0004/RMBL0004280_tn.jpg,https://www.soroherbaria.org/imglib/h_seinet/intermt/RMBL/RMBL0004/RMBL0004280.JPG,http://creativecommons.org/licenses/by-nc/3.0/,"Rocky Mountain Biological Laboratory (RMBL)",,"CC BY-NC-SA (Attribution-NonCommercial-ShareAlike)",,,,urn:uuid:18ab2656-c0b8-4da6-a6b3-46a53c9b3f28,"2015-05-06 16:49:42",image/jpeg,https://www.soroherbaria.org/portal/collections/individual/index.php?occid=3030022,StillImage,Photograph,en
3030023,https://www.soroherbaria.org/imglib/h_seinet/intermt/RMBL/RMBL0004/RMBL0004277_lg.jpg,https://www.soroherbaria.org/imglib/h_seinet/intermt/RMBL/RMBL0004/RMBL0004277_lg.jpg,https://www.soroherbaria.org/imglib/h_seinet/intermt/RMBL/RMBL0004/RMBL0004277_tn.jpg,https://www.soroherbaria.org/imglib/h_seinet/intermt/RMBL/RMBL0004/RMBL0004277.JPG,http://creativecommons.org/licenses/by-nc/3.0/,"Rocky Mountain Biological Laboratory (RMBL)",,"CC BY-NC-SA (Attribution-NonCommercial-ShareAlike)",,,,urn:uuid:8a887f73-4e7c-4673-b6ca-756b1d2c3215,"2015-05-06 10:47:13",image/jpeg,https://www.soroherbaria.org/portal/collections/individual/index.php?occid=3030023,StillImage,Photograph,en
3030024,https://www.soroherbaria.org/imglib/h_seinet/intermt/RMBL/RMBL0004/RMBL0004278_lg.jpg,https://www.soroherbaria.org/imglib/h_seinet/intermt/RMBL/RMBL0004/RMBL0004278_lg.jpg,https://www.soroherbaria.org/imglib/h_seinet/intermt/RMBL/RMBL0004/RMBL0004278_tn.jpg,https://www.soroherbaria.org/imglib/h_seinet/intermt/RMBL/RMBL0004/RMBL0004278.JPG,http://creativecommons.org/licenses/by-nc/3.0/,"Rocky Mountain Biological Laboratory (RMBL)",,"CC BY-NC-SA (Attribution-NonCommercial-ShareAlike)",,,,urn:uuid:3aac7add-2fda-4833-b931-e34993eba9bc,"2015-05-06 12:19:17",image/jpeg,https://www.soroherbaria.org/portal/collections/individual/index.php?occid=3030024,StillImage,Photograph,en
3039369,https://www.soroherbaria.org/imglib/h_seinet/seinet/KHD/KHD00039/KHD00039106_lg.jpg,https://www.soroherbaria.org/imglib/h_seinet/seinet/KHD/KHD00039/KHD00039106_lg.jpg,https://www.soroherbaria.org/imglib/h_seinet/seinet/KHD/KHD00039/KHD00039106_tn.jpg,https://www.soroherbaria.org/imglib/h_seinet/seinet/KHD/KHD00039/KHD00039106.JPG,http://creativecommons.org/publicdomain/zero/1.0/,"Public Domain",,"CC BY-NC-SA (Attribution-NonCommercial-ShareAlike)","Public Domain",,,urn:uuid:0302d1e4-200c-45af-9f07-25c845457364,"2013-05-10 12:04:33",image/jpeg,https://www.soroherbaria.org/portal/collections/individual/index.php?occid=3039369,StillImage,Photograph,en
3041351,https://www.soroherbaria.org/imglib/h_seinet/seinet/KHD/KHD00039/KHD00039107_lg.jpg,https://www.soroherbaria.org/imglib/h_seinet/seinet/KHD/KHD00039/KHD00039107_lg.jpg,https://www.soroherbaria.org/imglib/h_seinet/seinet/KHD/KHD00039/KHD00039107_tn.jpg,https://www.soroherbaria.org/imglib/h_seinet/seinet/KHD/KHD00039/KHD00039107.JPG,http://creativecommons.org/publicdomain/zero/1.0/,"Public Domain",,"CC BY-NC-SA (Attribution-NonCommercial-ShareAlike)","Public Domain",,,urn:uuid:efc76615-9599-474f-81e3-1cfe47fa1208,"2013-11-04 14:40:44",image/jpeg,https://www.soroherbaria.org/portal/collections/individual/index.php?occid=3041351,StillImage,Photograph,en
3041751,https://www.soroherbaria.org/imglib/h_seinet/seinet/KHD/KHD00039/KHD00039105_lg.jpg,https://www.soroherbaria.org/imglib/h_seinet/seinet/KHD/KHD00039/KHD00039105_lg.jpg,https://www.soroherbaria.org/imglib/h_seinet/seinet/KHD/KHD00039/KHD00039105_tn.jpg,https://www.soroherbaria.org/imglib/h_seinet/seinet/KHD/KHD00039/KHD00039105.JPG,http://creativecommons.org/publicdomain/zero/1.0/,"Public Domain",,"CC BY-NC-SA (Attribution-NonCommercial-ShareAlike)","Public Domain",,,urn:uuid:b75a01d5-9e15-4bd5-b5fa-d3f52f6dc0dd,"2013-05-20 09:29:19",image/jpeg,https://www.soroherbaria.org/portal/collections/individual/index.php?occid=3041751,StillImage,Photograph,en
3051047,https://www.soroherbaria.org/imglib/h_seinet/seinet/DBG_KHD/KHD00039/KHD00039108_lg.jpg,https://www.soroherbaria.org/imglib/h_seinet/seinet/DBG_KHD/KHD00039/KHD00039108_lg.jpg,https://www.soroherbaria.org/imglib/h_seinet/seinet/DBG_KHD/KHD00039/KHD00039108_tn.jpg,https://www.soroherbaria.org/imglib/h_seinet/seinet/DBG_KHD/KHD00039/KHD00039108.JPG,http://creativecommons.org/publicdomain/zero/1.0/,"Public Domain",,"CC BY-NC-SA (Attribution-NonCommercial-ShareAlike)","Public Domain",,,urn:uuid:985a1826-8912-4cd6-9111-7e55f56f0c30,"2015-09-09 10:28:51",image/jpeg,https://www.soroherbaria.org/portal/collections/individual/index.php?occid=3051047,StillImage,Photograph,en
3231156,https://www.soroherbaria.org/imglib/storage/portals/seinet/sernec/wsc/plantae/WSC0003/WSC0003417_lg.jpg,https://www.soroherbaria.org/imglib/storage/portals/seinet/sernec/wsc/plantae/WSC0003/WSC0003417_lg.jpg,https://www.soroherbaria.org/imglib/storage/portals/seinet/sernec/wsc/plantae/WSC0003/WSC0003417_tn.jpg,https://www.soroherbaria.org/imglib/storage/portals/seinet/sernec/wsc/plantae/WSC0003/WSC0003417.JPG,http://creativecommons.org/licenses/by-nc/3.0/,"Western State Colorado University (WSC-)",,"CC BY-NC-SA (Attribution-NonCommercial-ShareAlike)",,,,urn:uuid:9e284d80-9ad0-4a84-b6f3-2bc50a184ade,"2015-11-12 18:29:12",image/jpeg,https://www.soroherbaria.org/portal/collections/individual/index.php?occid=3231156,StillImage,Photograph,en
3234655,https://www.soroherbaria.org/imglib/storage/portals/seinet/sernec/wsc/plantae/WSC0008/WSC0008889_lg.jpg,https://www.soroherbaria.org/imglib/storage/portals/seinet/sernec/wsc/plantae/WSC0008/WSC0008889_lg.jpg,https://www.soroherbaria.org/imglib/storage/portals/seinet/sernec/wsc/plantae/WSC0008/WSC0008889_tn.jpg,https://www.soroherbaria.org/imglib/storage/portals/seinet/sernec/wsc/plantae/WSC0008/WSC0008889.JPG,http://creativecommons.org/licenses/by-nc/3.0/,"Western State Colorado University (WSC-)",,"CC BY-NC-SA (Attribution-NonCommercial-ShareAlike)",,,,urn:uuid:20c940aa-dc54-45d5-8fea-6b155f7f6bcb,"2015-11-12 18:52:39",image/jpeg,https://www.soroherbaria.org/portal/collections/individual/index.php?occid=3234655,StillImage,Photograph,en
3382975,https://www.soroherbaria.org/imglib/h_seinet/intermt/RMBL/RMBL0010/RMBL0010164_lg.jpg,https://www.soroherbaria.org/imglib/h_seinet/intermt/RMBL/RMBL0010/RMBL0010164_lg.jpg,https://www.soroherbaria.org/imglib/h_seinet/intermt/RMBL/RMBL0010/RMBL0010164_tn.jpg,https://www.soroherbaria.org/imglib/h_seinet/intermt/RMBL/RMBL0010/RMBL0010164.JPG,http://creativecommons.org/licenses/by-nc/3.0/,"Rocky Mountain Biological Laboratory (RMBL)",,"CC BY-NC-SA (Attribution-NonCommercial-ShareAlike)",,,,urn:uuid:4b9d6fb4-2c1f-44a2-a28e-6cfd8e64db33,"2015-05-06 17:05:25",image/jpeg,https://www.soroherbaria.org/portal/collections/individual/index.php?occid=3382975,StillImage,Photograph,en
3382977,https://www.soroherbaria.org/imglib/h_seinet/intermt/RMBL/RMBL0010/RMBL0010166_lg.jpg,https://www.soroherbaria.org/imglib/h_seinet/intermt/RMBL/RMBL0010/RMBL0010166_lg.jpg,https://www.soroherbaria.org/imglib/h_seinet/intermt/RMBL/RMBL0010/RMBL0010166_tn.jpg,https://www.soroherbaria.org/imglib/h_seinet/intermt/RMBL/RMBL0010/RMBL0010166.JPG,http://creativecommons.org/licenses/by-nc/3.0/,"Rocky Mountain Biological Laboratory (RMBL)",,"CC BY-NC-SA (Attribution-NonCommercial-ShareAlike)",,,,urn:uuid:9e6915e3-dec2-44ab-915e-12de076e86a4,"2015-05-06 19:00:36",image/jpeg,https://www.soroherbaria.org/portal/collections/individual/index.php?occid=3382977,StillImage,Photograph,en
3408985,https://www.soroherbaria.org/imglib/h_seinet/intermt/RMBL/RMBL0010/RMBL0010200_lg.jpg,https://www.soroherbaria.org/imglib/h_seinet/intermt/RMBL/RMBL0010/RMBL0010200_lg.jpg,https://www.soroherbaria.org/imglib/h_seinet/intermt/RMBL/RMBL0010/RMBL0010200_tn.jpg,https://www.soroherbaria.org/imglib/h_seinet/intermt/RMBL/RMBL0010/RMBL0010200.JPG,http://creativecommons.org/licenses/by-nc/3.0/,"Rocky Mountain Biological Laboratory (RMBL)",,"CC BY-NC-SA (Attribution-NonCommercial-ShareAlike)",,,,urn:uuid:de7ecbd6-66ab-4d14-935c-3a20d4fe41e8,"2015-05-06 11:03:05",image/jpeg,https://www.soroherbaria.org/portal/collections/individual/index.php?occid=3408985,StillImage,Photograph,en
3408987,https://www.soroherbaria.org/imglib/h_seinet/intermt/RMBL/RMBL0010/RMBL0010201_lg.jpg,https://www.soroherbaria.org/imglib/h_seinet/intermt/RMBL/RMBL0010/RMBL0010201_lg.jpg,https://www.soroherbaria.org/imglib/h_seinet/intermt/RMBL/RMBL0010/RMBL0010201_tn.jpg,https://www.soroherbaria.org/imglib/h_seinet/intermt/RMBL/RMBL0010/RMBL0010201.JPG,http://creativecommons.org/licenses/by-nc/3.0/,"Rocky Mountain Biological Laboratory (RMBL)",,"CC BY-NC-SA (Attribution-NonCommercial-ShareAlike)",,,,urn:uuid:08a69548-970a-4731-97bf-9cc3566cea18,"2015-05-06 11:53:10",image/jpeg,https://www.soroherbaria.org/portal/collections/individual/index.php?occid=3408987,StillImage,Photograph,en
3409000,https://www.soroherbaria.org/imglib/h_seinet/intermt/RMBL/RMBL0010/RMBL0010208_lg.jpg,https://www.soroherbaria.org/imglib/h_seinet/intermt/RMBL/RMBL0010/RMBL0010208_lg.jpg,https://www.soroherbaria.org/imglib/h_seinet/intermt/RMBL/RMBL0010/RMBL0010208_tn.jpg,https://www.soroherbaria.org/imglib/h_seinet/intermt/RMBL/RMBL0010/RMBL0010208.JPG,http://creativecommons.org/licenses/by-nc/3.0/,"Rocky Mountain Biological Laboratory (RMBL)",,"CC BY-NC-SA (Attribution-NonCommercial-ShareAlike)",,,,urn:uuid:ea12a8ee-058c-423a-bf63-20da994873da,"2015-05-06 16:43:07",image/jpeg,https://www.soroherbaria.org/portal/collections/individual/index.php?occid=3409000,StillImage,Photograph,en
3409001,https://www.soroherbaria.org/imglib/h_seinet/intermt/RMBL/RMBL0010/RMBL0010209_lg.jpg,https://www.soroherbaria.org/imglib/h_seinet/intermt/RMBL/RMBL0010/RMBL0010209_lg.jpg,https://www.soroherbaria.org/imglib/h_seinet/intermt/RMBL/RMBL0010/RMBL0010209_tn.jpg,https://www.soroherbaria.org/imglib/h_seinet/intermt/RMBL/RMBL0010/RMBL0010209.JPG,http://creativecommons.org/licenses/by-nc/3.0/,"Rocky Mountain Biological Laboratory (RMBL)",,"CC BY-NC-SA (Attribution-NonCommercial-ShareAlike)",,,,urn:uuid:c836dd49-3500-4207-bd80-aa22fee5acb6,"2015-05-06 16:43:52",image/jpeg,https://www.soroherbaria.org/portal/collections/individual/index.php?occid=3409001,StillImage,Photograph,en
4584573,https://www.soroherbaria.org/imglib/h_seinet/intermt/RMBL/RMBL0010/RMBL0010378_lg.jpg,https://www.soroherbaria.org/imglib/h_seinet/intermt/RMBL/RMBL0010/RMBL0010378_lg.jpg,https://www.soroherbaria.org/imglib/h_seinet/intermt/RMBL/RMBL0010/RMBL0010378_tn.jpg,https://www.soroherbaria.org/imglib/h_seinet/intermt/RMBL/RMBL0010/RMBL0010378.JPG,http://creativecommons.org/licenses/by-nc/3.0/,"Rocky Mountain Biological Laboratory (RMBL)",,"CC BY-NC-SA (Attribution-NonCommercial-ShareAlike)",,,,urn:uuid:b8423e1c-0cf1-4fee-b102-70dd2335bc95,"2015-05-06 18:56:00",image/jpeg,https://www.soroherbaria.org/portal/collections/individual/index.php?occid=4584573,StillImage,Photograph,en
4584597,https://www.soroherbaria.org/imglib/h_seinet/intermt/RMBL/RMBL0010/RMBL0010397_lg.jpg,https://www.soroherbaria.org/imglib/h_seinet/intermt/RMBL/RMBL0010/RMBL0010397_lg.jpg,https://www.soroherbaria.org/imglib/h_seinet/intermt/RMBL/RMBL0010/RMBL0010397_tn.jpg,https://www.soroherbaria.org/imglib/h_seinet/intermt/RMBL/RMBL0010/RMBL0010397.JPG,http://creativecommons.org/licenses/by-nc/3.0/,"Rocky Mountain Biological Laboratory (RMBL)",,"CC BY-NC-SA (Attribution-NonCommercial-ShareAlike)",,,,urn:uuid:dfbe440c-39b1-4323-ae40-d675925a5622,"2015-05-06 18:25:52",image/jpeg,https://www.soroherbaria.org/portal/collections/individual/index.php?occid=4584597,StillImage,Photograph,en
4584816,https://www.soroherbaria.org/imglib/h_seinet/intermt/RMBL/RMBL0010/RMBL0010457_lg.jpg,https://www.soroherbaria.org/imglib/h_seinet/intermt/RMBL/RMBL0010/RMBL0010457_lg.jpg,https://www.soroherbaria.org/imglib/h_seinet/intermt/RMBL/RMBL0010/RMBL0010457_tn.jpg,https://www.soroherbaria.org/imglib/h_seinet/intermt/RMBL/RMBL0010/RMBL0010457.JPG,http://creativecommons.org/licenses/by-nc/3.0/,"Rocky Mountain Biological Laboratory (RMBL)",,"CC BY-NC-SA (Attribution-NonCommercial-ShareAlike)",,,,urn:uuid:48136850-8736-4814-99e9-7b2c7f0a5ee0,"2015-05-06 16:29:16",image/jpeg,https://www.soroherbaria.org/portal/collections/individual/index.php?occid=4584816,StillImage,Photograph,en
4835531,https://rmh.uwyo.edu/data/gmapviewer.php?Image=USFS0060526,https://rmh.uwyo.edu/data/gmapviewer.php?Image=USFS0060526,https://rmh.uwyo.edu/data/tiles/USFS/60000/USFS0060526/USFS0060526_tb.jpg,,http://creativecommons.org/licenses/by-nc/3.0/,"Rocky Mountain Herbarium (RM-)",,"CC BY-NC-SA (Attribution-NonCommercial-ShareAlike)",,,,urn:uuid:cfd1aa69-4d8d-41e0-bc65-21d0b1c21350,"2021-01-07 17:31:41",image/jpeg,https://www.soroherbaria.org/portal/collections/individual/index.php?occid=4835531,StillImage,Photograph,en
4851471,https://rmh.uwyo.edu/data/gmapviewer.php?Image=USFS0061164,https://rmh.uwyo.edu/data/gmapviewer.php?Image=USFS0061164,https://rmh.uwyo.edu/data/tiles/USFS/60000/USFS0061164/USFS0061164_tb.jpg,,http://creativecommons.org/licenses/by-nc/3.0/,"Rocky Mountain Herbarium (RM-)",,"CC BY-NC-SA (Attribution-NonCommercial-ShareAlike)",,,,urn:uuid:7f902712-82fc-42c6-88eb-c47a4d4a5ab8,"2021-01-07 17:31:41",image/jpeg,https://www.soroherbaria.org/portal/collections/individual/index.php?occid=4851471,StillImage,Photograph,en
6332194,https://www.soroherbaria.org/imglib/h_seinet/seinet/ASU/ASU0121/ASU0121772_lg.jpg,https://www.soroherbaria.org/imglib/h_seinet/seinet/ASU/ASU0121/ASU0121772_lg.jpg,https://www.soroherbaria.org/imglib/h_seinet/seinet/ASU/ASU0121/ASU0121772_tn.jpg,https://www.soroherbaria.org/imglib/h_seinet/seinet/ASU/ASU0121/ASU0121772.jpg,http://creativecommons.org/licenses/by-nc/3.0/,"Arizona State University Vascular Plant Herbarium (ASU-Plants)",,"CC BY-NC-SA (Attribution-NonCommercial-ShareAlike)",,,,urn:uuid:5ade8e34-d08a-4b58-a5b7-39c3c84b2bc3,"2019-06-05 14:02:12",image/jpeg,https://www.soroherbaria.org/portal/collections/individual/index.php?occid=6332194,StillImage,Photograph,en
6332196,https://www.soroherbaria.org/imglib/h_seinet/seinet/ASU/ASU0121/ASU0121771_lg.jpg,https://www.soroherbaria.org/imglib/h_seinet/seinet/ASU/ASU0121/ASU0121771_lg.jpg,https://www.soroherbaria.org/imglib/h_seinet/seinet/ASU/ASU0121/ASU0121771_tn.jpg,https://www.soroherbaria.org/imglib/h_seinet/seinet/ASU/ASU0121/ASU0121771.jpg,http://creativecommons.org/licenses/by-nc/3.0/,"Arizona State University Vascular Plant Herbarium (ASU-Plants)",,"CC BY-NC-SA (Attribution-NonCommercial-ShareAlike)",,,,urn:uuid:9bdd65ec-ff92-46d5-b4a3-bab4c66cbf74,"2019-06-05 14:02:12",image/jpeg,https://www.soroherbaria.org/portal/collections/individual/index.php?occid=6332196,StillImage,Photograph,en
6332197,https://www.soroherbaria.org/imglib/h_seinet/seinet/ASU/ASU0121/ASU0121773_lg.jpg,https://www.soroherbaria.org/imglib/h_seinet/seinet/ASU/ASU0121/ASU0121773_lg.jpg,https://www.soroherbaria.org/imglib/h_seinet/seinet/ASU/ASU0121/ASU0121773_tn.jpg,https://www.soroherbaria.org/imglib/h_seinet/seinet/ASU/ASU0121/ASU0121773.jpg,http://creativecommons.org/licenses/by-nc/3.0/,"Arizona State University Vascular Plant Herbarium (ASU-Plants)",,"CC BY-NC-SA (Attribution-NonCommercial-ShareAlike)",,,,urn:uuid:7263cce9-9b3f-4794-aef9-532754bf30f4,"2019-06-05 14:02:12",image/jpeg,https://www.soroherbaria.org/portal/collections/individual/index.php?occid=6332197,StillImage,Photograph,en
6781462,https://www.soroherbaria.org/imglib/h_seinet/seinet/DBG_KHD/KHD00057/KHD00057673_lg.jpg,https://www.soroherbaria.org/imglib/h_seinet/seinet/DBG_KHD/KHD00057/KHD00057673_lg.jpg,https://www.soroherbaria.org/imglib/h_seinet/seinet/DBG_KHD/KHD00057/KHD00057673_tn.jpg,https://www.soroherbaria.org/imglib/h_seinet/seinet/DBG_KHD/KHD00057/KHD00057673.JPG,http://creativecommons.org/publicdomain/zero/1.0/,"Public Domain",,"CC BY-NC-SA (Attribution-NonCommercial-ShareAlike)","Public Domain",,,urn:uuid:39e3117a-94c3-4676-8984-d7a0a990d363,"2015-08-05 14:39:24",image/jpeg,https://www.soroherbaria.org/portal/collections/individual/index.php?occid=6781462,StillImage,Photograph,en
8801747,https://api.idigbio.org/v2/media/195db9c1135537c0412cae5b4724fc16?size=fullsize,https://api.idigbio.org/v2/media/195db9c1135537c0412cae5b4724fc16?size=fullsize,https://api.idigbio.org/v2/media/195db9c1135537c0412cae5b4724fc16?size=thumbnail,https://api.idigbio.org/v2/media/195db9c1135537c0412cae5b4724fc16?size=webview,http://creativecommons.org/licenses/by-nc/3.0/,"Rocky Mountain Biological Laboratory (RMBL)",,"CC BY-NC-SA (Attribution-NonCommercial-ShareAlike)",,,,urn:uuid:3e697c29-cfcd-479a-9fb6-0f082ba99c63,"2016-04-20 13:04:50",image/jpeg,https://www.soroherbaria.org/portal/collections/individual/index.php?occid=8801747,StillImage,Photograph,en
8801748,https://api.idigbio.org/v2/media/42c7cbbcf3965011a52dbacfccd3ac6f?size=fullsize,https://api.idigbio.org/v2/media/42c7cbbcf3965011a52dbacfccd3ac6f?size=fullsize,https://api.idigbio.org/v2/media/42c7cbbcf3965011a52dbacfccd3ac6f?size=thumbnail,https://api.idigbio.org/v2/media/42c7cbbcf3965011a52dbacfccd3ac6f?size=webview,http://creativecommons.org/licenses/by-nc/3.0/,"Rocky Mountain Biological Laboratory (RMBL)",,"CC BY-NC-SA (Attribution-NonCommercial-ShareAlike)",,,,urn:uuid:ae8bb90d-840b-4d88-8c8b-c5e79407f0e6,"2016-04-20 13:04:50",image/jpeg,https://www.soroherbaria.org/portal/collections/individual/index.php?occid=8801748,StillImage,Photograph,en
8801749,https://api.idigbio.org/v2/media/2ad2f516daed84060dc9983aa6faa462?size=fullsize,https://api.idigbio.org/v2/media/2ad2f516daed84060dc9983aa6faa462?size=fullsize,https://api.idigbio.org/v2/media/2ad2f516daed84060dc9983aa6faa462?size=thumbnail,https://api.idigbio.org/v2/media/2ad2f516daed84060dc9983aa6faa462?size=webview,http://creativecommons.org/licenses/by-nc/3.0/,"Rocky Mountain Biological Laboratory (RMBL)",,"CC BY-NC-SA (Attribution-NonCommercial-ShareAlike)",,,,urn:uuid:03204308-a241-466e-bc92-49142dc34033,"2016-04-20 13:04:50",image/jpeg,https://www.soroherbaria.org/portal/collections/individual/index.php?occid=8801749,StillImage,Photograph,en
11091556,https://api.idigbio.org/v2/media/f00c8f52b89e81edfebf2d28100882a7,https://api.idigbio.org/v2/media/f00c8f52b89e81edfebf2d28100882a7,https://api.idigbio.org/v2/media/f00c8f52b89e81edfebf2d28100882a7?size=thumbnail,https://api.idigbio.org/v2/media/f00c8f52b89e81edfebf2d28100882a7?size=webview,http://creativecommons.org/licenses/by-nc/3.0/,"Rocky Mountain Biological Laboratory (RMBL)",,"CC BY-NC-SA (Attribution-NonCommercial-ShareAlike)",,,,urn:uuid:8dd9a339-5dd5-4621-86b8-56aefad950ba,"2019-04-26 14:23:15",image/jpeg,https://www.soroherbaria.org/portal/collections/individual/index.php?occid=11091556,StillImage,Photograph,en
11091645,https://api.idigbio.org/v2/media/754fe01ffc8b7a3ced35797f6309d6e8,https://api.idigbio.org/v2/media/754fe01ffc8b7a3ced35797f6309d6e8,https://api.idigbio.org/v2/media/754fe01ffc8b7a3ced35797f6309d6e8?size=thumbnail,https://api.idigbio.org/v2/media/754fe01ffc8b7a3ced35797f6309d6e8?size=webview,http://creativecommons.org/licenses/by-nc/3.0/,"Rocky Mountain Biological Laboratory (RMBL)",,"CC BY-NC-SA (Attribution-NonCommercial-ShareAlike)",,,,urn:uuid:d2eff5df-663d-454f-9c48-2d653b8c0609,"2019-04-26 14:23:15",image/jpeg,https://www.soroherbaria.org/portal/collections/individual/index.php?occid=11091645,StillImage,Photograph,en
11468473,https://cyberfloralouisiana.com/images/LSUCollections/Vascular/NO/0/050/NO0050117_L.JPG,https://cyberfloralouisiana.com/images/LSUCollections/Vascular/NO/0/050/NO0050117_L.JPG,https://cyberfloralouisiana.com/images/LSUCollections/Vascular/NO/0/050/NO0050117_TN.JPG,https://cyberfloralouisiana.com/images/LSUCollections/Vascular/NO/0/050/NO0050117_WR.JPG,http://creativecommons.org/licenses/by-nc/3.0/,"Louisiana State University, Shirley C. Tucker Herbarium (LSU-Vascular Plants)",,"CC BY-NC-SA (Attribution-NonCommercial-ShareAlike)",,,,urn:uuid:6119810f-1008-4fc8-b709-ba1ccd2669e1,"2020-06-03 12:37:16",image/jpeg,https://www.soroherbaria.org/portal/collections/individual/index.php?occid=11468473,StillImage,Photograph,en
11468475,https://cyberfloralouisiana.com/images/LSUCollections/Vascular/NO/0/050/NO0050118_L.JPG,https://cyberfloralouisiana.com/images/LSUCollections/Vascular/NO/0/050/NO0050118_L.JPG,https://cyberfloralouisiana.com/images/LSUCollections/Vascular/NO/0/050/NO0050118_TN.JPG,https://cyberfloralouisiana.com/images/LSUCollections/Vascular/NO/0/050/NO0050118_WR.JPG,http://creativecommons.org/licenses/by-nc/3.0/,"Louisiana State University, Shirley C. Tucker Herbarium (LSU-Vascular Plants)",,"CC BY-NC-SA (Attribution-NonCommercial-ShareAlike)",,,,urn:uuid:05495a23-99ee-41c9-ac41-cfb1ca6ac21e,"2020-06-03 12:37:17",image/jpeg,https://www.soroherbaria.org/portal/collections/individual/index.php?occid=11468475,StillImage,Photograph,en
12656128,https://www.soroherbaria.org/imglib/seinet/sernec/TENN/TENN-V-0086/TENN-V-0086546.jpg,https://www.soroherbaria.org/imglib/seinet/sernec/TENN/TENN-V-0086/TENN-V-0086546.jpg,https://www.soroherbaria.org/imglib/seinet/sernec/TENN/TENN-V-0086/TENN-V-0086546_tn.jpg,https://www.soroherbaria.org/imglib/seinet/sernec/TENN/TENN-V-0086/TENN-V-0086546_web.jpg,http://creativecommons.org/publicdomain/zero/1.0/,"University of Tennessee Vascular Herbarium (TENN-)",,"CC BY-NC-SA (Attribution-NonCommercial-ShareAlike)",,,,urn:uuid:0980986a-5d28-4789-bc76-5c8d9d856889,"2023-09-13 15:20:24",image/jpeg,https://www.soroherbaria.org/portal/collections/individual/index.php?occid=12656128,StillImage,Photograph,en
13357679,https://api.idigbio.org/v2/media/b5021dd817149fc234da47a3eed183be,https://api.idigbio.org/v2/media/b5021dd817149fc234da47a3eed183be,https://api.idigbio.org/v2/media/b5021dd817149fc234da47a3eed183be?size=thumbnail,https://api.idigbio.org/v2/media/b5021dd817149fc234da47a3eed183be?size=webview,http://creativecommons.org/licenses/by-nc/3.0/,"Rocky Mountain Biological Laboratory (RMBL)",,"CC BY-NC-SA (Attribution-NonCommercial-ShareAlike)",,,,urn:uuid:5cb8fbd0-919d-43b7-ba2b-6a4eaf668ceb,"2019-04-26 14:23:15",image/jpeg,https://www.soroherbaria.org/portal/collections/individual/index.php?occid=13357679,StillImage,Photograph,en
15234945,http://sweetgum.nybg.org/images3/2226/486/02729944.jpg,http://sweetgum.nybg.org/images3/2226/486/02729944.jpg,http://sweetgum.nybg.org/images3/2226/486/02729944.thumb.jpg,,http://creativecommons.org/licenses/by/3.0/,"New York Botanical Garden Steere Herbarium (NY-)",,"CC BY-NC-SA (Attribution-NonCommercial-ShareAlike)",,,,urn:uuid:e10af0ef-131c-4cf8-b915-d958c0a76608,"2017-06-20 15:41:04",image/jpeg,https://www.soroherbaria.org/portal/collections/individual/index.php?occid=15234945,StillImage,Photograph,en
15880086,https://api.idigbio.org/v2/media/0d7f2a1d2b0e537dd1553afb3b3debf6,https://api.idigbio.org/v2/media/0d7f2a1d2b0e537dd1553afb3b3debf6,https://api.idigbio.org/v2/media/0d7f2a1d2b0e537dd1553afb3b3debf6?size=thumbnail,https://api.idigbio.org/v2/media/0d7f2a1d2b0e537dd1553afb3b3debf6?size=webview,http://creativecommons.org/licenses/by-nc/3.0/,"Rocky Mountain Biological Laboratory (RMBL)",,"CC BY-NC-SA (Attribution-NonCommercial-ShareAlike)",,,,urn:uuid:62c32845-c96f-4f1a-a859-5c2545e322e0,"2019-04-26 14:23:16",image/jpeg,https://www.soroherbaria.org/portal/collections/individual/index.php?occid=15880086,StillImage,Photograph,en
18285046,https://api.idigbio.org/v2/media/9d57039f7d2f7e140e9a9a6515e1a618,https://api.idigbio.org/v2/media/9d57039f7d2f7e140e9a9a6515e1a618,https://api.idigbio.org/v2/media/9d57039f7d2f7e140e9a9a6515e1a618?size=thumbnail,https://api.idigbio.org/v2/media/9d57039f7d2f7e140e9a9a6515e1a618?size=webview,http://creativecommons.org/licenses/by-nc/3.0/,"Rocky Mountain Biological Laboratory (RMBL)",,"CC BY-NC-SA (Attribution-NonCommercial-ShareAlike)",,,,urn:uuid:85d4f4d7-4bea-4ef8-becd-f90b5579956f,"2019-04-26 14:23:17",image/jpeg,https://www.soroherbaria.org/portal/collections/individual/index.php?occid=18285046,StillImage,Photograph,en
18285123,https://api.idigbio.org/v2/media/1fd91f7dbd5e1b86ef536ddea61b5922,https://api.idigbio.org/v2/media/1fd91f7dbd5e1b86ef536ddea61b5922,https://api.idigbio.org/v2/media/1fd91f7dbd5e1b86ef536ddea61b5922?size=thumbnail,https://api.idigbio.org/v2/media/1fd91f7dbd5e1b86ef536ddea61b5922?size=webview,http://creativecommons.org/licenses/by-nc/3.0/,"Rocky Mountain Biological Laboratory (RMBL)",,"CC BY-NC-SA (Attribution-NonCommercial-ShareAlike)",,,,urn:uuid:c1927834-83cd-48e9-8564-2125a6d3e6a5,"2019-04-26 14:23:17",image/jpeg,https://www.soroherbaria.org/portal/collections/individual/index.php?occid=18285123,StillImage,Photograph,en
19990017,http://sweetgum.nybg.org/images3/2431/864/03076166.jpg,http://sweetgum.nybg.org/images3/2431/864/03076166.jpg,http://sweetgum.nybg.org/images3/2431/864/03076166.thumb.jpg,,http://creativecommons.org/licenses/by/3.0/,"New York Botanical Garden Steere Herbarium (NY-)",,"CC BY-NC-SA (Attribution-NonCommercial-ShareAlike)",,,,urn:uuid:698c387f-e7df-4345-a2ad-cd1dc7ae0e2c,"2018-06-20 21:08:48",image/jpeg,https://www.soroherbaria.org/portal/collections/individual/index.php?occid=19990017,StillImage,Photograph,en
19993498,http://sweetgum.nybg.org/images3/2431/861/03076163.jpg,http://sweetgum.nybg.org/images3/2431/861/03076163.jpg,http://sweetgum.nybg.org/images3/2431/861/03076163.thumb.jpg,,http://creativecommons.org/licenses/by/3.0/,"New York Botanical Garden Steere Herbarium (NY-)",,"CC BY-NC-SA (Attribution-NonCommercial-ShareAlike)",,,,urn:uuid:1f69a490-3fed-4a1a-855c-3f56a63d0568,"2018-06-20 21:08:48",image/jpeg,https://www.soroherbaria.org/portal/collections/individual/index.php?occid=19993498,StillImage,Photograph,en
19995893,http://sweetgum.nybg.org/images3/2431/860/03076162.jpg,http://sweetgum.nybg.org/images3/2431/860/03076162.jpg,http://sweetgum.nybg.org/images3/2431/860/03076162.thumb.jpg,,http://creativecommons.org/licenses/by/3.0/,"New York Botanical Garden Steere Herbarium (NY-)",,"CC BY-NC-SA (Attribution-NonCommercial-ShareAlike)",,,,urn:uuid:7799adef-7deb-4092-8b18-3d60d20a75df,"2018-06-20 21:08:48",image/jpeg,https://www.soroherbaria.org/portal/collections/individual/index.php?occid=19995893,StillImage,Photograph,en
21228714,https://www.soroherbaria.org/imglib/seinet/sernec/UNCC_UNCC/UNCC_35/UNCC_35980.JPG,https://www.soroherbaria.org/imglib/seinet/sernec/UNCC_UNCC/UNCC_35/UNCC_35980.JPG,https://www.soroherbaria.org/imglib/seinet/sernec/UNCC_UNCC/UNCC_35/UNCC_35980_tn.JPG,https://www.soroherbaria.org/imglib/seinet/sernec/UNCC_UNCC/UNCC_35/UNCC_35980_web.JPG,http://creativecommons.org/licenses/by-nc/3.0/,"Mecklenburg County Park and Recreation Herbarium (UNCC-UNCC)",,"CC BY-NC-SA (Attribution-NonCommercial-ShareAlike)",,,,urn:uuid:454c3ef7-3cd9-4bb8-8020-85e29e6c4562,"2023-08-29 18:56:55",image/jpeg,https://www.soroherbaria.org/portal/collections/individual/index.php?occid=21228714,StillImage,Photograph,en
21228715,https://www.soroherbaria.org/imglib/seinet/sernec/UNCC_UNCC/UNCC_35/UNCC_35981.JPG,https://www.soroherbaria.org/imglib/seinet/sernec/UNCC_UNCC/UNCC_35/UNCC_35981.JPG,https://www.soroherbaria.org/imglib/seinet/sernec/UNCC_UNCC/UNCC_35/UNCC_35981_tn.JPG,https://www.soroherbaria.org/imglib/seinet/sernec/UNCC_UNCC/UNCC_35/UNCC_35981_web.JPG,http://creativecommons.org/licenses/by-nc/3.0/,"Mecklenburg County Park and Recreation Herbarium (UNCC-UNCC)",,"CC BY-NC-SA (Attribution-NonCommercial-ShareAlike)",,,,urn:uuid:3ccd876a-dae6-479a-b253-b87d5e37bc4f,"2023-08-29 18:56:55",image/jpeg,https://www.soroherbaria.org/portal/collections/individual/index.php?occid=21228715,StillImage,Photograph,en
21412275,https://www.soroherbaria.org/imglib/seinet/sernec/GA/GA139/GA139950.jpg,https://www.soroherbaria.org/imglib/seinet/sernec/GA/GA139/GA139950.jpg,https://www.soroherbaria.org/imglib/seinet/sernec/GA/GA139/GA139950_tn.jpg,https://www.soroherbaria.org/imglib/seinet/sernec/GA/GA139/GA139950_web.jpg,http://creativecommons.org/licenses/by-nc/4.0/,"University of Georgia Herbarium (GA-)",,"CC BY-NC-SA (Attribution-NonCommercial-ShareAlike)",,,,urn:uuid:7cfdef55-4c9f-448a-8e44-6f6287ad705d,"2023-09-06 04:06:43",image/jpeg,https://www.soroherbaria.org/portal/collections/individual/index.php?occid=21412275,StillImage,Photograph,en
21514379,https://www.soroherbaria.org/imglib/storage/portals/seinet/arizona/DBG_KHD/KHD00067/KHD00067358_lg.jpg,https://www.soroherbaria.org/imglib/storage/portals/seinet/arizona/DBG_KHD/KHD00067/KHD00067358_lg.jpg,https://www.soroherbaria.org/imglib/storage/portals/seinet/arizona/DBG_KHD/KHD00067/KHD00067358_tn.jpg,https://www.soroherbaria.org/imglib/storage/portals/seinet/arizona/DBG_KHD/KHD00067/KHD00067358.JPG,http://creativecommons.org/publicdomain/zero/1.0/,"Public Domain",,"CC BY-NC-SA (Attribution-NonCommercial-ShareAlike)","Public Domain",,,urn:uuid:d37713cb-e015-492f-b2d8-dc0f1db6ddb6,"2019-10-07 12:20:39",image/jpeg,https://www.soroherbaria.org/portal/collections/individual/index.php?occid=21514379,StillImage,Photograph,en
21539460,https://www.soroherbaria.org/imglib/seinet/swnode/DBG_KHD/KHD00074/KHD00074171_lg.jpg,https://www.soroherbaria.org/imglib/seinet/swnode/DBG_KHD/KHD00074/KHD00074171_lg.jpg,https://www.soroherbaria.org/imglib/seinet/swnode/DBG_KHD/KHD00074/KHD00074171_tn.jpg,https://www.soroherbaria.org/imglib/seinet/swnode/DBG_KHD/KHD00074/KHD00074171.jpg,http://creativecommons.org/publicdomain/zero/1.0/,"Public Domain",,"CC BY-NC-SA (Attribution-NonCommercial-ShareAlike)","Public Domain",,,urn:uuid:8211d6e3-3fca-43eb-90ee-a5e688db017c,"2022-03-09 08:58:01",image/jpeg,https://www.soroherbaria.org/portal/collections/individual/index.php?occid=21539460,StillImage,Photograph,en
21548328,https://api.idigbio.org/v2/media/f8c93dc9112a220f0b6a955e57bfe541,https://api.idigbio.org/v2/media/f8c93dc9112a220f0b6a955e57bfe541,https://api.idigbio.org/v2/media/f8c93dc9112a220f0b6a955e57bfe541?size=thumbnail,https://api.idigbio.org/v2/media/f8c93dc9112a220f0b6a955e57bfe541?size=webview,http://creativecommons.org/licenses/by-nc/3.0/,"Rocky Mountain Biological Laboratory (RMBL)",,"CC BY-NC-SA (Attribution-NonCommercial-ShareAlike)",,,,urn:uuid:5f9d0494-ff7a-48df-9630-299b0acf36f7,"2019-04-30 12:19:41",image/jpeg,https://www.soroherbaria.org/portal/collections/individual/index.php?occid=21548328,StillImage,Photograph,en
21660778,https://cdn.plantatlas.org/img/specimens/USF/48427.jpg,https://cdn.plantatlas.org/img/specimens/USF/48427.jpg,https://cdn.plantatlas.org/img/specimens/USF/thumbs/48427.jpg,,http://creativecommons.org/licenses/by/3.0/,"University of South Florida Herbarium (USF)",,"CC BY-NC-SA (Attribution-NonCommercial-ShareAlike)",,"Eriogonum coloradense Small - USA, Colorado (BARCODE: 48427) - USF Herbarium",,urn:uuid:a7a3f66f-656a-4a04-805e-f9ca8781d19f,"2019-04-19 07:13:26",image/jpeg,https://www.soroherbaria.org/portal/collections/individual/index.php?occid=21660778,StillImage,Photograph,en
21660779,https://cdn.plantatlas.org/img/specimens/USF/48360.jpg,https://cdn.plantatlas.org/img/specimens/USF/48360.jpg,https://cdn.plantatlas.org/img/specimens/USF/thumbs/48360.jpg,,http://creativecommons.org/licenses/by/3.0/,"University of South Florida Herbarium (USF)",,"CC BY-NC-SA (Attribution-NonCommercial-ShareAlike)",,"Eriogonum coloradense Small - USA, Colorado (BARCODE: 48360) - USF Herbarium",,urn:uuid:cd8456ee-cf6c-4c00-9759-6d58a45d5310,"2019-04-19 07:13:26",image/jpeg,https://www.soroherbaria.org/portal/collections/individual/index.php?occid=21660779,StillImage,Photograph,en
21713357,https://api.idigbio.org/v2/media/dbcc2e19d5dac0d5e3d892ad0402138c,https://api.idigbio.org/v2/media/dbcc2e19d5dac0d5e3d892ad0402138c,https://api.idigbio.org/v2/media/dbcc2e19d5dac0d5e3d892ad0402138c?size=thumbnail,https://api.idigbio.org/v2/media/dbcc2e19d5dac0d5e3d892ad0402138c?size=webview,http://creativecommons.org/licenses/by-nc/3.0/,"Rocky Mountain Biological Laboratory (RMBL)",,"CC BY-NC-SA (Attribution-NonCommercial-ShareAlike)",,,,urn:uuid:0b52b59b-1106-4e6c-b7ee-305fc8eaed05,"2019-04-30 12:19:41",image/jpeg,https://www.soroherbaria.org/portal/collections/individual/index.php?occid=21713357,StillImage,Photograph,en
23775967,https://data.huh.harvard.edu/faf520cb-e2d4-4b8d-92fe-ff56923a93cf/image,https://data.huh.harvard.edu/faf520cb-e2d4-4b8d-92fe-ff56923a93cf/image,https://data.huh.harvard.edu/faf520cb-e2d4-4b8d-92fe-ff56923a93cf/thumb,https://data.huh.harvard.edu/faf520cb-e2d4-4b8d-92fe-ff56923a93cf/thumb,http://creativecommons.org/licenses/by-nc/3.0/,"Harvard University Herbaria: Vascular Plants of North America (Harvard)",,"CC BY-NC-SA (Attribution-NonCommercial-ShareAlike)",,,,urn:uuid:d0e82ae4-c565-42f3-93a3-4416876ada73,"2019-10-24 23:18:24",image/jpeg,https://www.soroherbaria.org/portal/collections/individual/index.php?occid=23775967,StillImage,Photograph,en
23775967,http://data.huh.harvard.edu/faf520cb-e2d4-4b8d-92fe-ff56923a93cf/image,http://data.huh.harvard.edu/faf520cb-e2d4-4b8d-92fe-ff56923a93cf/image,http://data.huh.harvard.edu/faf520cb-e2d4-4b8d-92fe-ff56923a93cf/thumb,,http://creativecommons.org/licenses/by-nc/3.0/,"Harvard University Herbaria: Vascular Plants of North America (Harvard)",,"CC BY-NC-SA (Attribution-NonCommercial-ShareAlike)",,,,urn:uuid:b60afedf-6c8a-4f97-a2a8-f8777a206ca5,"2022-05-11 09:50:18",image/jpeg,https://www.soroherbaria.org/portal/collections/individual/index.php?occid=23775967,StillImage,Photograph,en
23775969,https://data.huh.harvard.edu/2ae6dc79-e1c2-416e-83f0-d261bfb32efd/image,https://data.huh.harvard.edu/2ae6dc79-e1c2-416e-83f0-d261bfb32efd/image,https://data.huh.harvard.edu/2ae6dc79-e1c2-416e-83f0-d261bfb32efd/thumb,https://data.huh.harvard.edu/2ae6dc79-e1c2-416e-83f0-d261bfb32efd/thumb,http://creativecommons.org/licenses/by-nc/3.0/,"Harvard University Herbaria: Vascular Plants of North America (Harvard)",,"CC BY-NC-SA (Attribution-NonCommercial-ShareAlike)",,,,urn:uuid:bf2971bd-ba4e-42f4-ae4f-c7ba017bb685,"2019-10-24 23:18:24",image/jpeg,https://www.soroherbaria.org/portal/collections/individual/index.php?occid=23775969,StillImage,Photograph,en
23775969,http://data.huh.harvard.edu/2ae6dc79-e1c2-416e-83f0-d261bfb32efd/image,http://data.huh.harvard.edu/2ae6dc79-e1c2-416e-83f0-d261bfb32efd/image,http://data.huh.harvard.edu/2ae6dc79-e1c2-416e-83f0-d261bfb32efd/thumb,,http://creativecommons.org/licenses/by-nc/3.0/,"Harvard University Herbaria: Vascular Plants of North America (Harvard)",,"CC BY-NC-SA (Attribution-NonCommercial-ShareAlike)",,,,urn:uuid:8d2febf5-bf7f-44c2-8521-afd043c79747,"2022-05-11 09:50:18",image/jpeg,https://www.soroherbaria.org/portal/collections/individual/index.php?occid=23775969,StillImage,Photograph,en
23775976,https://data.huh.harvard.edu/f4c1cd22-3c32-4e9f-b6c5-dbbf2bd8a053/image,https://data.huh.harvard.edu/f4c1cd22-3c32-4e9f-b6c5-dbbf2bd8a053/image,https://data.huh.harvard.edu/f4c1cd22-3c32-4e9f-b6c5-dbbf2bd8a053/thumb,https://data.huh.harvard.edu/f4c1cd22-3c32-4e9f-b6c5-dbbf2bd8a053/thumb,http://creativecommons.org/licenses/by-nc/3.0/,"Harvard University Herbaria: Vascular Plants of North America (Harvard)",,"CC BY-NC-SA (Attribution-NonCommercial-ShareAlike)",,,,urn:uuid:bc8e3279-55e1-4382-adc4-b0e1cded244e,"2019-10-24 23:18:24",image/jpeg,https://www.soroherbaria.org/portal/collections/individual/index.php?occid=23775976,StillImage,Photograph,en
23775976,http://data.huh.harvard.edu/f4c1cd22-3c32-4e9f-b6c5-dbbf2bd8a053/image,http://data.huh.harvard.edu/f4c1cd22-3c32-4e9f-b6c5-dbbf2bd8a053/image,http://data.huh.harvard.edu/f4c1cd22-3c32-4e9f-b6c5-dbbf2bd8a053/thumb,,http://creativecommons.org/licenses/by-nc/3.0/,"Harvard University Herbaria: Vascular Plants of North America (Harvard)",,"CC BY-NC-SA (Attribution-NonCommercial-ShareAlike)",,,,urn:uuid:28cfeca6-9939-4159-a576-f03af866a2f9,"2022-05-11 09:50:18",image/jpeg,https://www.soroherbaria.org/portal/collections/individual/index.php?occid=23775976,StillImage,Photograph,en
23775978,https://data.huh.harvard.edu/6e62f3bf-87be-434a-8e26-05bf4beb1295/image,https://data.huh.harvard.edu/6e62f3bf-87be-434a-8e26-05bf4beb1295/image,https://data.huh.harvard.edu/6e62f3bf-87be-434a-8e26-05bf4beb1295/thumb,https://data.huh.harvard.edu/6e62f3bf-87be-434a-8e26-05bf4beb1295/thumb,http://creativecommons.org/licenses/by-nc/3.0/,"Harvard University Herbaria: Vascular Plants of North America (Harvard)",,"CC BY-NC-SA (Attribution-NonCommercial-ShareAlike)",,,,urn:uuid:c61e37bd-60b8-4e21-b150-44e39943fbd5,"2019-10-24 23:18:24",image/jpeg,https://www.soroherbaria.org/portal/collections/individual/index.php?occid=23775978,StillImage,Photograph,en
23775978,http://data.huh.harvard.edu/6e62f3bf-87be-434a-8e26-05bf4beb1295/image,http://data.huh.harvard.edu/6e62f3bf-87be-434a-8e26-05bf4beb1295/image,http://data.huh.harvard.edu/6e62f3bf-87be-434a-8e26-05bf4beb1295/thumb,,http://creativecommons.org/licenses/by-nc/3.0/,"Harvard University Herbaria: Vascular Plants of North America (Harvard)",,"CC BY-NC-SA (Attribution-NonCommercial-ShareAlike)",,,,urn:uuid:19d99204-e81e-48e1-82a3-23cd5d5f507c,"2022-05-11 09:50:18",image/jpeg,https://www.soroherbaria.org/portal/collections/individual/index.php?occid=23775978,StillImage,Photograph,en
23775980,https://data.huh.harvard.edu/20dc0c19-419d-427d-af65-baf1672850d0/image,https://data.huh.harvard.edu/20dc0c19-419d-427d-af65-baf1672850d0/image,https://data.huh.harvard.edu/20dc0c19-419d-427d-af65-baf1672850d0/thumb,https://data.huh.harvard.edu/20dc0c19-419d-427d-af65-baf1672850d0/thumb,http://creativecommons.org/licenses/by-nc/3.0/,"Harvard University Herbaria: Vascular Plants of North America (Harvard)",,"CC BY-NC-SA (Attribution-NonCommercial-ShareAlike)",,,,urn:uuid:70b1aff3-df59-4873-951f-bbc6cd4d7bb4,"2019-10-24 23:18:24",image/jpeg,https://www.soroherbaria.org/portal/collections/individual/index.php?occid=23775980,StillImage,Photograph,en
23775980,http://data.huh.harvard.edu/20dc0c19-419d-427d-af65-baf1672850d0/image,http://data.huh.harvard.edu/20dc0c19-419d-427d-af65-baf1672850d0/image,http://data.huh.harvard.edu/20dc0c19-419d-427d-af65-baf1672850d0/thumb,,http://creativecommons.org/licenses/by-nc/3.0/,"Harvard University Herbaria: Vascular Plants of North America (Harvard)",,"CC BY-NC-SA (Attribution-NonCommercial-ShareAlike)",,,,urn:uuid:fba38d67-f429-454b-ab72-59e0b3a86922,"2022-05-11 09:50:18",image/jpeg,https://www.soroherbaria.org/portal/collections/individual/index.php?occid=23775980,StillImage,Photograph,en
23888258,https://www.soroherbaria.org/imglib/seinet/soro/RMBL/RMBL0005/RMBL0005430_1611447297_lg.jpg,https://www.soroherbaria.org/imglib/seinet/soro/RMBL/RMBL0005/RMBL0005430_1611447297_lg.jpg,https://www.soroherbaria.org/imglib/seinet/soro/RMBL/RMBL0005/RMBL0005430_1611447297_tn.jpg,https://www.soroherbaria.org/imglib/seinet/soro/RMBL/RMBL0005/RMBL0005430_1611447297.jpg,http://creativecommons.org/licenses/by-nc/3.0/,"Rocky Mountain Biological Laboratory (RMBL)",,"CC BY-NC-SA (Attribution-NonCommercial-ShareAlike)",,,,urn:uuid:25f4dcab-3291-4303-9a03-85641709b40c,"2021-01-23 17:14:58",image/jpeg,https://www.soroherbaria.org/portal/collections/individual/index.php?occid=23888258,StillImage,Photograph,en
24392601,http://bry.byu.edu/Herbarium/imgbry/01/0186/BRYV0186111_lg.jpg,http://bry.byu.edu/Herbarium/imgbry/01/0186/BRYV0186111_lg.jpg,http://bry.byu.edu/Herbarium/imgbry/01/0186/BRYV0186111_tn.jpg,http://bry.byu.edu/Herbarium/imgbry/01/0186/BRYV0186111_sm.jpg,http://creativecommons.org/licenses/by-nc/3.0/,"Brigham Young University",,"CC BY-NC-SA (Attribution-NonCommercial-ShareAlike)",,,,urn:uuid:fb5ec4d8-78ca-4ffe-9344-b2b5635d0950,"2020-01-03 14:15:36",image/jpeg,https://www.soroherbaria.org/portal/collections/individual/index.php?occid=24392601,StillImage,Photograph,en
24643259,http://sweetgum.nybg.org/images3/2431/863/03076165.jpg,http://sweetgum.nybg.org/images3/2431/863/03076165.jpg,http://sweetgum.nybg.org/images3/2431/863/03076165.thumb.jpg,,http://creativecommons.org/licenses/by/3.0/,"New York Botanical Garden Steere Herbarium (NY-)",,"CC BY-NC-SA (Attribution-NonCommercial-ShareAlike)",,,,urn:uuid:135c6142-ffc1-4133-954c-9899e34733e7,"2020-02-26 09:45:28",image/jpeg,https://www.soroherbaria.org/portal/collections/individual/index.php?occid=24643259,StillImage,Photograph,en
24718427,http://sweetgum.nybg.org/images3/2431/862/03076164.jpg,http://sweetgum.nybg.org/images3/2431/862/03076164.jpg,http://sweetgum.nybg.org/images3/2431/862/03076164.thumb.jpg,,http://creativecommons.org/licenses/by/3.0/,"New York Botanical Garden Steere Herbarium (NY-)",,"CC BY-NC-SA (Attribution-NonCommercial-ShareAlike)",,,,urn:uuid:4a020d42-c4e4-4c6f-bb7d-7c139ab38123,"2020-02-26 09:45:28",image/jpeg,https://www.soroherbaria.org/portal/collections/individual/index.php?occid=24718427,StillImage,Photograph,en
24768059,http://sweetgum.nybg.org/images3/2431/859/03076161.jpg,http://sweetgum.nybg.org/images3/2431/859/03076161.jpg,http://sweetgum.nybg.org/images3/2431/859/03076161.thumb.jpg,,http://creativecommons.org/licenses/by/3.0/,"New York Botanical Garden Steere Herbarium (NY-)",,"CC BY-NC-SA (Attribution-NonCommercial-ShareAlike)",,,,urn:uuid:75bdadf6-0673-4b0a-8aec-32ff2ac9c29d,"2020-02-26 09:45:28",image/jpeg,https://www.soroherbaria.org/portal/collections/individual/index.php?occid=24768059,StillImage,Photograph,en
24788913,https://www.soroherbaria.org/imglib/seinet/soro/RMBL/RMBL0005/RMBL0005519_1611793788_lg.jpg,https://www.soroherbaria.org/imglib/seinet/soro/RMBL/RMBL0005/RMBL0005519_1611793788_lg.jpg,https://www.soroherbaria.org/imglib/seinet/soro/RMBL/RMBL0005/RMBL0005519_1611793788_tn.jpg,https://www.soroherbaria.org/imglib/seinet/soro/RMBL/RMBL0005/RMBL0005519_1611793788.jpg,http://creativecommons.org/licenses/by-nc/3.0/,"Rocky Mountain Biological Laboratory (RMBL)",,"CC BY-NC-SA (Attribution-NonCommercial-ShareAlike)",,,,urn:uuid:30d36fb9-1687-4ec1-8184-a0a9745d7fa9,"2021-01-27 17:29:49",image/jpeg,https://www.soroherbaria.org/portal/collections/individual/index.php?occid=24788913,StillImage,Photograph,en
25287585,http://sweetgum.nybg.org/images3/2431/865/03076167.jpg,http://sweetgum.nybg.org/images3/2431/865/03076167.jpg,http://sweetgum.nybg.org/images3/2431/865/03076167.thumb.jpg,,http://creativecommons.org/licenses/by/3.0/,"New York Botanical Garden Steere Herbarium (NY-)",,"CC BY-NC-SA (Attribution-NonCommercial-ShareAlike)",,,,urn:uuid:5de90c8f-7349-4d14-bbc7-f167f04a6a41,"2020-07-29 14:56:12",image/jpeg,https://www.soroherbaria.org/portal/collections/individual/index.php?occid=25287585,StillImage,Photograph,en
27210960,https://www.soroherbaria.org/imglib/seinet/soro/CS/0018/185110_lg.jpg,https://www.soroherbaria.org/imglib/seinet/soro/CS/0018/185110_lg.jpg,https://www.soroherbaria.org/imglib/seinet/soro/CS/0018/185110_tn.jpg,https://www.soroherbaria.org/imglib/seinet/soro/CS/0018/185110.jpg,http://creativecommons.org/licenses/by-nc/3.0/,"Colorado State University, Charles Maurer Herbarium (CS-)",,"CC BY-NC-SA (Attribution-NonCommercial-ShareAlike)",,,,urn:uuid:3d1c8316-dabb-4a5b-be82-8147712ce88d,"2021-01-12 08:31:18",image/jpeg,https://www.soroherbaria.org/portal/collections/individual/index.php?occid=27210960,StillImage,Photograph,en
27210961,https://www.soroherbaria.org/imglib/seinet/soro/CS/0018/185111_lg.jpg,https://www.soroherbaria.org/imglib/seinet/soro/CS/0018/185111_lg.jpg,https://www.soroherbaria.org/imglib/seinet/soro/CS/0018/185111_tn.jpg,https://www.soroherbaria.org/imglib/seinet/soro/CS/0018/185111.jpg,http://creativecommons.org/licenses/by-nc/3.0/,"Colorado State University, Charles Maurer Herbarium (CS-)",,"CC BY-NC-SA (Attribution-NonCommercial-ShareAlike)",,,,urn:uuid:f2160b4c-b633-4994-a8ce-d36b9c259c43,"2021-01-12 08:31:18",image/jpeg,https://www.soroherbaria.org/portal/collections/individual/index.php?occid=27210961,StillImage,Photograph,en
27212023,https://www.soroherbaria.org/imglib/seinet/soro/CS/0018/186209_lg.jpg,https://www.soroherbaria.org/imglib/seinet/soro/CS/0018/186209_lg.jpg,https://www.soroherbaria.org/imglib/seinet/soro/CS/0018/186209_tn.jpg,https://www.soroherbaria.org/imglib/seinet/soro/CS/0018/186209.jpg,http://creativecommons.org/licenses/by-nc/3.0/,"Colorado State University, Charles Maurer Herbarium (CS-)",,"CC BY-NC-SA (Attribution-NonCommercial-ShareAlike)",,,,urn:uuid:5233baf9-64bf-4ced-8c95-11b20d97318a,"2021-01-12 08:31:18",image/jpeg,https://www.soroherbaria.org/portal/collections/individual/index.php?occid=27212023,StillImage,Photograph,en
29183505,https://www.soroherbaria.org/imglib/seinet/soro/RMBL/RMBL0006/RMBL0006724_1676920124_lg.jpg,https://www.soroherbaria.org/imglib/seinet/soro/RMBL/RMBL0006/RMBL0006724_1676920124_lg.jpg,https://www.soroherbaria.org/imglib/seinet/soro/RMBL/RMBL0006/RMBL0006724_1676920124_tn.jpg,https://www.soroherbaria.org/imglib/seinet/soro/RMBL/RMBL0006/RMBL0006724_1676920124.jpg,http://creativecommons.org/licenses/by-nc/3.0/,"Rocky Mountain Biological Laboratory (RMBL)",,"CC BY-NC-SA (Attribution-NonCommercial-ShareAlike)",,,,urn:uuid:cdccdb2a-8d87-4166-8b83-3db0dd981c72,"2023-02-20 12:08:44",image/jpeg,https://www.soroherbaria.org/portal/collections/individual/index.php?occid=29183505,StillImage,Photograph,en
29197696,https://www.soroherbaria.org/imglib/seinet/soro/RMBL/RMBL0006/RMBL0006985_1683134060_lg.jpg,https://www.soroherbaria.org/imglib/seinet/soro/RMBL/RMBL0006/RMBL0006985_1683134060_lg.jpg,https://www.soroherbaria.org/imglib/seinet/soro/RMBL/RMBL0006/RMBL0006985_1683134060_tn.jpg,https://www.soroherbaria.org/imglib/seinet/soro/RMBL/RMBL0006/RMBL0006985_1683134060.jpg,http://creativecommons.org/licenses/by-nc/3.0/,"Rocky Mountain Biological Laboratory (RMBL)",,"CC BY-NC-SA (Attribution-NonCommercial-ShareAlike)",,,,urn:uuid:e3b3e631-cdd8-430b-aa08-c9da5f527a13,"2023-05-03 10:14:20",image/jpeg,https://www.soroherbaria.org/portal/collections/individual/index.php?occid=29197696,StillImage,Photograph,en
29266076,https://www.soroherbaria.org/imglib/seinet/soro/RMBL/RMBL0006/RMBL0006996_1683134361_lg.jpg,https://www.soroherbaria.org/imglib/seinet/soro/RMBL/RMBL0006/RMBL0006996_1683134361_lg.jpg,https://www.soroherbaria.org/imglib/seinet/soro/RMBL/RMBL0006/RMBL0006996_1683134361_tn.jpg,https://www.soroherbaria.org/imglib/seinet/soro/RMBL/RMBL0006/RMBL0006996_1683134361.jpg,http://creativecommons.org/licenses/by-nc/3.0/,"Rocky Mountain Biological Laboratory (RMBL)",,"CC BY-NC-SA (Attribution-NonCommercial-ShareAlike)",,,,urn:uuid:5536b350-c86b-4e24-a355-991882967faa,"2023-05-03 10:19:22",image/jpeg,https://www.soroherbaria.org/portal/collections/individual/index.php?occid=29266076,StillImage,Photograph,en
29271230,https://www.soroherbaria.org/imglib/seinet/soro/RMBL/RMBL0006/RMBL0006702_1676918333_lg.jpg,https://www.soroherbaria.org/imglib/seinet/soro/RMBL/RMBL0006/RMBL0006702_1676918333_lg.jpg,https://www.soroherbaria.org/imglib/seinet/soro/RMBL/RMBL0006/RMBL0006702_1676918333_tn.jpg,https://www.soroherbaria.org/imglib/seinet/soro/RMBL/RMBL0006/RMBL0006702_1676918333.jpg,http://creativecommons.org/licenses/by-nc/3.0/,"Rocky Mountain Biological Laboratory (RMBL)",,"CC BY-NC-SA (Attribution-NonCommercial-ShareAlike)",,,,urn:uuid:9f4d8380-31b1-431b-b7f5-28e98d7a0297,"2023-02-20 11:38:54",image/jpeg,https://www.soroherbaria.org/portal/collections/individual/index.php?occid=29271230,StillImage,Photograph,en
29271292,https://www.soroherbaria.org/imglib/seinet/soro/RMBL/RMBL0006/RMBL0006676_1676916464_lg.jpg,https://www.soroherbaria.org/imglib/seinet/soro/RMBL/RMBL0006/RMBL0006676_1676916464_lg.jpg,https://www.soroherbaria.org/imglib/seinet/soro/RMBL/RMBL0006/RMBL0006676_1676916464_tn.jpg,https://www.soroherbaria.org/imglib/seinet/soro/RMBL/RMBL0006/RMBL0006676_1676916464.jpg,http://creativecommons.org/licenses/by-nc/3.0/,"Rocky Mountain Biological Laboratory (RMBL)",,"CC BY-NC-SA (Attribution-NonCommercial-ShareAlike)",,,,urn:uuid:f5ea9ad8-94f4-4509-9c37-947938b304d5,"2023-02-20 11:07:44",image/jpeg,https://www.soroherbaria.org/portal/collections/individual/index.php?occid=29271292,StillImage,Photograph,en
31102387,https://www.soroherbaria.org/imglib/seinet/soro/RMBL/RMBL0007/RMBL0007319_1689264950_lg.jpg,https://www.soroherbaria.org/imglib/seinet/soro/RMBL/RMBL0007/RMBL0007319_1689264950_lg.jpg,https://www.soroherbaria.org/imglib/seinet/soro/RMBL/RMBL0007/RMBL0007319_1689264950_tn.jpg,https://www.soroherbaria.org/imglib/seinet/soro/RMBL/RMBL0007/RMBL0007319_1689264950.jpg,http://creativecommons.org/licenses/by-nc/3.0/,"Rocky Mountain Biological Laboratory (RMBL)",,"CC BY-NC-SA (Attribution-NonCommercial-ShareAlike)",,,,urn:uuid:13eba7d7-c5e3-4899-860b-c8ab62de3b43,"2023-07-13 09:15:53",image/jpeg,https://www.soroherbaria.org/portal/collections/individual/index.php?occid=31102387,StillImage,Photograph,en
31102446,https://www.soroherbaria.org/imglib/seinet/soro/RMBL/RMBL0007/RMBL0007318_1689264912_lg.jpg,https://www.soroherbaria.org/imglib/seinet/soro/RMBL/RMBL0007/RMBL0007318_1689264912_lg.jpg,https://www.soroherbaria.org/imglib/seinet/soro/RMBL/RMBL0007/RMBL0007318_1689264912_tn.jpg,https://www.soroherbaria.org/imglib/seinet/soro/RMBL/RMBL0007/RMBL0007318_1689264912.jpg,http://creativecommons.org/licenses/by-nc/3.0/,"Rocky Mountain Biological Laboratory (RMBL)",,"CC BY-NC-SA (Attribution-NonCommercial-ShareAlike)",,,,urn:uuid:58652e6d-a612-40b2-8189-5773e6161d1d,"2023-07-13 09:15:15",image/jpeg,https://www.soroherbaria.org/portal/collections/individual/index.php?occid=31102446,StillImage,Photograph,en
31102476,https://www.soroherbaria.org/imglib/seinet/soro/RMBL/RMBL0007/RMBL0007324_1689277745_lg.jpg,https://www.soroherbaria.org/imglib/seinet/soro/RMBL/RMBL0007/RMBL0007324_1689277745_lg.jpg,https://www.soroherbaria.org/imglib/seinet/soro/RMBL/RMBL0007/RMBL0007324_1689277745_tn.jpg,https://www.soroherbaria.org/imglib/seinet/soro/RMBL/RMBL0007/RMBL0007324_1689277745.jpg,http://creativecommons.org/licenses/by-nc/3.0/,"Rocky Mountain Biological Laboratory (RMBL)",,"CC BY-NC-SA (Attribution-NonCommercial-ShareAlike)",,,,urn:uuid:cf3df093-15df-4598-ad0c-61ee796f4b1b,"2023-07-13 12:49:08",image/jpeg,https://www.soroherbaria.org/portal/collections/individual/index.php?occid=31102476,StillImage,Photograph,en
31102477,https://www.soroherbaria.org/imglib/seinet/soro/RMBL/RMBL0007/RMBL0007323_1689265994_lg.jpg,https://www.soroherbaria.org/imglib/seinet/soro/RMBL/RMBL0007/RMBL0007323_1689265994_lg.jpg,https://www.soroherbaria.org/imglib/seinet/soro/RMBL/RMBL0007/RMBL0007323_1689265994_tn.jpg,https://www.soroherbaria.org/imglib/seinet/soro/RMBL/RMBL0007/RMBL0007323_1689265994.jpg,http://creativecommons.org/licenses/by-nc/3.0/,"Rocky Mountain Biological Laboratory (RMBL)",,"CC BY-NC-SA (Attribution-NonCommercial-ShareAlike)",,,,urn:uuid:9c74cd40-b352-4db5-9afa-491fdcffc1c3,"2023-07-13 09:33:17",image/jpeg,https://www.soroherbaria.org/portal/collections/individual/index.php?occid=31102477,StillImage,Photograph,en
31102478,https://www.soroherbaria.org/imglib/seinet/soro/RMBL/RMBL0007/RMBL0007322_1689265943_lg.jpg,https://www.soroherbaria.org/imglib/seinet/soro/RMBL/RMBL0007/RMBL0007322_1689265943_lg.jpg,https://www.soroherbaria.org/imglib/seinet/soro/RMBL/RMBL0007/RMBL0007322_1689265943_tn.jpg,https://www.soroherbaria.org/imglib/seinet/soro/RMBL/RMBL0007/RMBL0007322_1689265943.jpg,http://creativecommons.org/licenses/by-nc/3.0/,"Rocky Mountain Biological Laboratory (RMBL)",,"CC BY-NC-SA (Attribution-NonCommercial-ShareAlike)",,,,urn:uuid:95bf257a-995e-4fea-b6d8-04a7dd52a9c9,"2023-07-13 09:32:26",image/jpeg,https://www.soroherbaria.org/portal/collections/individual/index.php?occid=31102478,StillImage,Photograph,en
31102479,https://www.soroherbaria.org/imglib/seinet/soro/RMBL/RMBL0007/RMBL0007321_1689265032_lg.jpg,https://www.soroherbaria.org/imglib/seinet/soro/RMBL/RMBL0007/RMBL0007321_1689265032_lg.jpg,https://www.soroherbaria.org/imglib/seinet/soro/RMBL/RMBL0007/RMBL0007321_1689265032_tn.jpg,https://www.soroherbaria.org/imglib/seinet/soro/RMBL/RMBL0007/RMBL0007321_1689265032.jpg,http://creativecommons.org/licenses/by-nc/3.0/,"Rocky Mountain Biological Laboratory (RMBL)",,"CC BY-NC-SA (Attribution-NonCommercial-ShareAlike)",,,,urn:uuid:156c9a72-f5de-447c-b79c-6f9eca677549,"2023-07-13 09:17:15",image/jpeg,https://www.soroherbaria.org/portal/collections/individual/index.php?occid=31102479,StillImage,Photograph,en
31102480,https://www.soroherbaria.org/imglib/seinet/soro/RMBL/RMBL0007/RMBL0007320_1689264992_lg.jpg,https://www.soroherbaria.org/imglib/seinet/soro/RMBL/RMBL0007/RMBL0007320_1689264992_lg.jpg,https://www.soroherbaria.org/imglib/seinet/soro/RMBL/RMBL0007/RMBL0007320_1689264992_tn.jpg,https://www.soroherbaria.org/imglib/seinet/soro/RMBL/RMBL0007/RMBL0007320_1689264992.jpg,http://creativecommons.org/licenses/by-nc/3.0/,"Rocky Mountain Biological Laboratory (RMBL)",,"CC BY-NC-SA (Attribution-NonCommercial-ShareAlike)",,,,urn:uuid:00c00b3d-0274-445a-a028-a0b81682647c,"2023-07-13 09:16:35",image/jpeg,https://www.soroherbaria.org/portal/collections/individual/index.php?occid=31102480,StillImage,Photograph,en
31102556,https://www.soroherbaria.org/imglib/seinet/soro/RMBL/RMBL0007/RMBL0007316_1689264828_lg.jpg,https://www.soroherbaria.org/imglib/seinet/soro/RMBL/RMBL0007/RMBL0007316_1689264828_lg.jpg,https://www.soroherbaria.org/imglib/seinet/soro/RMBL/RMBL0007/RMBL0007316_1689264828_tn.jpg,https://www.soroherbaria.org/imglib/seinet/soro/RMBL/RMBL0007/RMBL0007316_1689264828.jpg,http://creativecommons.org/licenses/by-nc/3.0/,"Rocky Mountain Biological Laboratory (RMBL)",,"CC BY-NC-SA (Attribution-NonCommercial-ShareAlike)",,,,urn:uuid:9bf6e452-f519-4703-9406-f170b0e295ee,"2023-07-13 09:13:50",image/jpeg,https://www.soroherbaria.org/portal/collections/individual/index.php?occid=31102556,StillImage,Photograph,en
31102557,https://www.soroherbaria.org/imglib/seinet/soro/RMBL/RMBL0007/RMBL0007317_1689264868_lg.jpg,https://www.soroherbaria.org/imglib/seinet/soro/RMBL/RMBL0007/RMBL0007317_1689264868_lg.jpg,https://www.soroherbaria.org/imglib/seinet/soro/RMBL/RMBL0007/RMBL0007317_1689264868_tn.jpg,https://www.soroherbaria.org/imglib/seinet/soro/RMBL/RMBL0007/RMBL0007317_1689264868.jpg,http://creativecommons.org/licenses/by-nc/3.0/,"Rocky Mountain Biological Laboratory (RMBL)",,"CC BY-NC-SA (Attribution-NonCommercial-ShareAlike)",,,,urn:uuid:7a11e2a8-9233-40ac-9710-ecbd97503524,"2023-07-13 09:14:31",image/jpeg,https://www.soroherbaria.org/portal/collections/individual/index.php?occid=31102557,StillImage,Photograph,en
32058399,https://www.soroherbaria.org/imglib/seinet/soro/CS/00200/200740.JPG,https://www.soroherbaria.org/imglib/seinet/soro/CS/00200/200740.JPG,https://www.soroherbaria.org/imglib/seinet/soro/CS/00200/200740_tn.jpg,https://www.soroherbaria.org/imglib/seinet/soro/CS/00200/200740_med.jpg,http://creativecommons.org/licenses/by-nc/3.0/,"Colorado State University, Charles Maurer Herbarium (CS-)",,"CC BY-NC-SA (Attribution-NonCommercial-ShareAlike)",,,,urn:uuid:e55df501-5bc3-4cfd-ae5e-1f03bff43758,"2024-03-21 06:06:04",image/jpeg,https://www.soroherbaria.org/portal/collections/individual/index.php?occid=32058399,StillImage,Photograph,en
